{
	"careerPostseason": {
		"appearances": 4,
		"battersFaced": 165,
		"basesOnBalls": 31,
		"basesOnBallsPerNine": 7.9714285714285715,
		"earnedRuns": 21,
		"earnedRunAverage": 5.4,
		"flyouts": 16,
		"groundouts": 57,
		"hitsAllowed": 37,
		"hitsAllowedPerNine": 9.514285714285714,
		"homeRuns": 4,
		"homeRunsPerNine": 1.0285714285714285,
		"inningsPitched": 35,
		"losses": 3,
		"numberOfPitches": 0,
		"qualityStarts": 1,
		"shutouts": 0,
		"strikeouts": 9,
		"strikeoutToWalkRatio": 0.2903225806451613,
		"strikeoutsPerNine": 2.314285714285714,
		"strikeoutRate": 0.05454545454545454,
		"team": null,
		"teamName": null,
		"walksAndHitsPerInningPitched": 1.9428571428571428,
		"walkRate": 0.18787878787878787,
		"winningPercentage": 0.25,
		"wins": 1
	},
	"careerSeason": {
		"appearances": 32,
		"battersFaced": 1320,
		"basesOnBalls": 244,
		"basesOnBallsPerNine": 7.759717314487633,
		"earnedRuns": 219,
		"earnedRunAverage": 6.964664310954063,
		"flyouts": 153,
		"groundouts": 378,
		"hitsAllowed": 343,
		"hitsAllowedPerNine": 10.908127208480565,
		"homeRuns": 37,
		"homeRunsPerNine": 1.1766784452296821,
		"inningsPitched": 283,
		"losses": 18,
		"numberOfPitches": 0,
		"qualityStarts": 8,
		"shutouts": 0,
		"strikeouts": 99,
		"strikeoutToWalkRatio": 0.4057377049180328,
		"strikeoutsPerNine": 3.1484098939929326,
		"strikeoutRate": 0.075,
		"team": null,
		"teamName": null,
		"walksAndHitsPerInningPitched": 2.0742049469964665,
		"walkRate": 0.18484848484848485,
		"winningPercentage": 0.4375,
		"wins": 14
	},
	"id": "2ae8cbfc-2155-4647-9996-3f2591091baf",
	"name": "Forrest Bookbaby",
	"seasons": {
		"1": {
			"appearances": 12,
			"battersFaced": 517,
			"basesOnBalls": 98,
			"basesOnBallsPerNine": 8.166666666666668,
			"earnedRuns": 83,
			"earnedRunAverage": 6.916666666666667,
			"flyouts": 64,
			"groundouts": 137,
			"hitsAllowed": 133,
			"hitsAllowedPerNine": 11.083333333333332,
			"homeRuns": 13,
			"homeRunsPerNine": 1.0833333333333333,
			"inningsPitched": 108,
			"losses": 7,
			"numberOfPitches": 0,
			"qualityStarts": 2,
			"shutouts": 0,
			"strikeouts": 49,
			"strikeoutToWalkRatio": 0.5,
			"strikeoutsPerNine": 4.083333333333334,
			"strikeoutRate": 0.09477756286266925,
			"team": "bfd38797-8404-4b38-8b82-341da28b1f83",
			"teamName": "Charleston Shoe Thieves",
			"walksAndHitsPerInningPitched": 2.138888888888889,
			"walkRate": 0.1895551257253385,
			"winningPercentage": 0.4166666666666667,
			"wins": 5
		},
		"2": {
			"appearances": 20,
			"battersFaced": 803,
			"basesOnBalls": 146,
			"basesOnBallsPerNine": 7.508571428571429,
			"earnedRuns": 136,
			"earnedRunAverage": 6.994285714285715,
			"flyouts": 89,
			"groundouts": 241,
			"hitsAllowed": 210,
			"hitsAllowedPerNine": 10.799999999999999,
			"homeRuns": 24,
			"homeRunsPerNine": 1.2342857142857144,
			"inningsPitched": 175,
			"losses": 11,
			"numberOfPitches": 0,
			"qualityStarts": 6,
			"shutouts": 0,
			"strikeouts": 50,
			"strikeoutToWalkRatio": 0.3424657534246575,
			"strikeoutsPerNine": 2.571428571428571,
			"strikeoutRate": 0.062266500622665005,
			"team": "bfd38797-8404-4b38-8b82-341da28b1f83",
			"teamName": "Charleston Shoe Thieves",
			"walksAndHitsPerInningPitched": 2.0342857142857143,
			"walkRate": 0.18181818181818182,
			"winningPercentage": 0.45,
			"wins": 9
		}
	},
	"postseasons": {
		"1": {
			"appearances": 3,
			"battersFaced": 118,
			"basesOnBalls": 21,
			"basesOnBallsPerNine": 7.269230769230769,
			"earnedRuns": 15,
			"earnedRunAverage": 5.1923076923076925,
			"flyouts": 10,
			"groundouts": 47,
			"hitsAllowed": 25,
			"hitsAllowedPerNine": 8.653846153846153,
			"homeRuns": 4,
			"homeRunsPerNine": 1.3846153846153846,
			"inningsPitched": 26,
			"losses": 2,
			"numberOfPitches": 0,
			"qualityStarts": 1,
			"shutouts": 0,
			"strikeouts": 7,
			"strikeoutToWalkRatio": 0.3333333333333333,
			"strikeoutsPerNine": 2.423076923076923,
			"strikeoutRate": 0.059322033898305086,
			"team": "bfd38797-8404-4b38-8b82-341da28b1f83",
			"teamName": "Charleston Shoe Thieves",
			"walksAndHitsPerInningPitched": 1.7692307692307692,
			"walkRate": 0.17796610169491525,
			"winningPercentage": 0.3333333333333333,
			"wins": 1
		},
		"2": {
			"appearances": 1,
			"battersFaced": 47,
			"basesOnBalls": 10,
			"basesOnBallsPerNine": 10,
			"earnedRuns": 6,
			"earnedRunAverage": 6,
			"flyouts": 6,
			"groundouts": 10,
			"hitsAllowed": 12,
			"hitsAllowedPerNine": 12,
			"homeRuns": 0,
			"homeRunsPerNine": 0,
			"inningsPitched": 9,
			"losses": 1,
			"numberOfPitches": 0,
			"qualityStarts": 0,
			"shutouts": 0,
			"strikeouts": 2,
			"strikeoutToWalkRatio": 0.2,
			"strikeoutsPerNine": 2,
			"strikeoutRate": 0.0425531914893617,
			"team": "bfd38797-8404-4b38-8b82-341da28b1f83",
			"teamName": "Charleston Shoe Thieves",
			"walksAndHitsPerInningPitched": 2.4444444444444446,
			"walkRate": 0.2127659574468085,
			"winningPercentage": 0,
			"wins": 0
		}
	}
}
