{
	"careerPostseason": {
		"appearances": 2,
		"battersFaced": 93,
		"basesOnBalls": 3,
		"basesOnBallsPerNine": 1.1739130434782608,
		"earnedRuns": 8,
		"earnedRunAverage": 3.130434782608696,
		"flyouts": 10,
		"groundouts": 42,
		"hitsAllowed": 23,
		"hitsAllowedPerNine": 9,
		"homeRuns": 3,
		"homeRunsPerNine": 1.1739130434782608,
		"inningsPitched": 23,
		"losses": 1,
		"numberOfPitches": 0,
		"qualityStarts": 1,
		"shutouts": 0,
		"strikeouts": 10,
		"strikeoutToWalkRatio": 3.3333333333333335,
		"strikeoutsPerNine": 3.9130434782608696,
		"strikeoutRate": 0.10752688172043011,
		"team": null,
		"teamName": null,
		"walksAndHitsPerInningPitched": 1.1304347826086956,
		"walkRate": 0.03225806451612903,
		"winningPercentage": 0.5,
		"wins": 1
	},
	"careerSeason": {
		"appearances": 32,
		"battersFaced": 1110,
		"basesOnBalls": 38,
		"basesOnBallsPerNine": 1.1287128712871286,
		"earnedRuns": 124,
		"earnedRunAverage": 3.6831683168316833,
		"flyouts": 158,
		"groundouts": 398,
		"hitsAllowed": 267,
		"hitsAllowedPerNine": 7.930693069306931,
		"homeRuns": 32,
		"homeRunsPerNine": 0.9504950495049505,
		"inningsPitched": 303,
		"losses": 10,
		"numberOfPitches": 0,
		"qualityStarts": 14,
		"shutouts": 2,
		"strikeouts": 202,
		"strikeoutToWalkRatio": 5.315789473684211,
		"strikeoutsPerNine": 6,
		"strikeoutRate": 0.18198198198198198,
		"team": null,
		"teamName": null,
		"walksAndHitsPerInningPitched": 1.0066006600660067,
		"walkRate": 0.03423423423423423,
		"winningPercentage": 0.6875,
		"wins": 22
	},
	"id": "81d7d022-19d6-427d-aafc-031fcb79b29e",
	"name": "Patty Fox",
	"seasons": {
		"1": {
			"appearances": 12,
			"battersFaced": 419,
			"basesOnBalls": 11,
			"basesOnBallsPerNine": 0.8918918918918919,
			"earnedRuns": 52,
			"earnedRunAverage": 4.216216216216216,
			"flyouts": 55,
			"groundouts": 145,
			"hitsAllowed": 108,
			"hitsAllowedPerNine": 8.756756756756758,
			"homeRuns": 14,
			"homeRunsPerNine": 1.135135135135135,
			"inningsPitched": 111,
			"losses": 6,
			"numberOfPitches": 0,
			"qualityStarts": 6,
			"shutouts": 0,
			"strikeouts": 76,
			"strikeoutToWalkRatio": 6.909090909090909,
			"strikeoutsPerNine": 6.162162162162162,
			"strikeoutRate": 0.18138424821002386,
			"team": "36569151-a2fb-43c1-9df7-2df512424c82",
			"teamName": "New York Millennials",
			"walksAndHitsPerInningPitched": 1.072072072072072,
			"walkRate": 0.026252983293556086,
			"winningPercentage": 0.5,
			"wins": 6
		},
		"2": {
			"appearances": 20,
			"battersFaced": 691,
			"basesOnBalls": 27,
			"basesOnBallsPerNine": 1.265625,
			"earnedRuns": 72,
			"earnedRunAverage": 3.375,
			"flyouts": 103,
			"groundouts": 253,
			"hitsAllowed": 159,
			"hitsAllowedPerNine": 7.453125,
			"homeRuns": 18,
			"homeRunsPerNine": 0.84375,
			"inningsPitched": 192,
			"losses": 4,
			"numberOfPitches": 0,
			"qualityStarts": 8,
			"shutouts": 2,
			"strikeouts": 126,
			"strikeoutToWalkRatio": 4.666666666666667,
			"strikeoutsPerNine": 5.90625,
			"strikeoutRate": 0.18234442836468887,
			"team": "36569151-a2fb-43c1-9df7-2df512424c82",
			"teamName": "New York Millennials",
			"walksAndHitsPerInningPitched": 0.96875,
			"walkRate": 0.03907380607814761,
			"winningPercentage": 0.8,
			"wins": 16
		}
	},
	"postseasons": {
		"2": {
			"appearances": 2,
			"battersFaced": 93,
			"basesOnBalls": 3,
			"basesOnBallsPerNine": 1.1739130434782608,
			"earnedRuns": 8,
			"earnedRunAverage": 3.130434782608696,
			"flyouts": 10,
			"groundouts": 42,
			"hitsAllowed": 23,
			"hitsAllowedPerNine": 9,
			"homeRuns": 3,
			"homeRunsPerNine": 1.1739130434782608,
			"inningsPitched": 23,
			"losses": 1,
			"numberOfPitches": 0,
			"qualityStarts": 1,
			"shutouts": 0,
			"strikeouts": 10,
			"strikeoutToWalkRatio": 3.3333333333333335,
			"strikeoutsPerNine": 3.9130434782608696,
			"strikeoutRate": 0.10752688172043011,
			"team": "36569151-a2fb-43c1-9df7-2df512424c82",
			"teamName": "New York Millennials",
			"walksAndHitsPerInningPitched": 1.1304347826086956,
			"walkRate": 0.03225806451612903,
			"winningPercentage": 0.5,
			"wins": 1
		}
	}
}
