{
	"careerPostseason": {
		"appearances": 3,
		"battersFaced": 133,
		"basesOnBalls": 26,
		"basesOnBallsPerNine": 8.068965517241379,
		"earnedRuns": 24,
		"earnedRunAverage": 7.448275862068965,
		"flyouts": 10,
		"groundouts": 42,
		"hitsAllowed": 29,
		"hitsAllowedPerNine": 9,
		"homeRuns": 4,
		"homeRunsPerNine": 1.2413793103448276,
		"inningsPitched": 29,
		"losses": 2,
		"numberOfPitches": 0,
		"qualityStarts": 0,
		"shutouts": 0,
		"strikeouts": 11,
		"strikeoutToWalkRatio": 0.4230769230769231,
		"strikeoutsPerNine": 3.413793103448276,
		"strikeoutRate": 0.08270676691729323,
		"team": null,
		"teamName": null,
		"walksAndHitsPerInningPitched": 1.896551724137931,
		"walkRate": 0.19548872180451127,
		"winningPercentage": 0.3333333333333333,
		"wins": 1
	},
	"careerSeason": {
		"appearances": 32,
		"battersFaced": 1317,
		"basesOnBalls": 194,
		"basesOnBallsPerNine": 5.724590163934426,
		"earnedRuns": 183,
		"earnedRunAverage": 5.4,
		"flyouts": 172,
		"groundouts": 420,
		"hitsAllowed": 315,
		"hitsAllowedPerNine": 9.295081967213115,
		"homeRuns": 37,
		"homeRunsPerNine": 1.0918032786885246,
		"inningsPitched": 305,
		"losses": 19,
		"numberOfPitches": 0,
		"qualityStarts": 10,
		"shutouts": 0,
		"strikeouts": 99,
		"strikeoutToWalkRatio": 0.5103092783505154,
		"strikeoutsPerNine": 2.921311475409836,
		"strikeoutRate": 0.07517084282460136,
		"team": null,
		"teamName": null,
		"walksAndHitsPerInningPitched": 1.6688524590163933,
		"walkRate": 0.14730447987851178,
		"winningPercentage": 0.40625,
		"wins": 13
	},
	"id": "f3c07eaf-3d6c-4cc3-9e54-cbecc9c08286",
	"name": "Campos Arias",
	"seasons": {
		"1": {
			"appearances": 12,
			"battersFaced": 519,
			"basesOnBalls": 67,
			"basesOnBallsPerNine": 4.862903225806451,
			"earnedRuns": 60,
			"earnedRunAverage": 4.354838709677419,
			"flyouts": 64,
			"groundouts": 168,
			"hitsAllowed": 121,
			"hitsAllowedPerNine": 8.78225806451613,
			"homeRuns": 18,
			"homeRunsPerNine": 1.306451612903226,
			"inningsPitched": 124,
			"losses": 5,
			"numberOfPitches": 0,
			"qualityStarts": 4,
			"shutouts": 0,
			"strikeouts": 46,
			"strikeoutToWalkRatio": 0.6865671641791045,
			"strikeoutsPerNine": 3.338709677419355,
			"strikeoutRate": 0.08863198458574181,
			"team": "a37f9158-7f82-46bc-908c-c9e2dda7c33b",
			"teamName": "Breckenridge Jazz Hands",
			"walksAndHitsPerInningPitched": 1.5161290322580645,
			"walkRate": 0.12909441233140656,
			"winningPercentage": 0.5833333333333334,
			"wins": 7
		},
		"2": {
			"appearances": 20,
			"battersFaced": 798,
			"basesOnBalls": 127,
			"basesOnBallsPerNine": 6.314917127071823,
			"earnedRuns": 123,
			"earnedRunAverage": 6.116022099447513,
			"flyouts": 108,
			"groundouts": 252,
			"hitsAllowed": 194,
			"hitsAllowedPerNine": 9.646408839779005,
			"homeRuns": 19,
			"homeRunsPerNine": 0.9447513812154695,
			"inningsPitched": 181,
			"losses": 14,
			"numberOfPitches": 0,
			"qualityStarts": 6,
			"shutouts": 0,
			"strikeouts": 53,
			"strikeoutToWalkRatio": 0.41732283464566927,
			"strikeoutsPerNine": 2.6353591160220993,
			"strikeoutRate": 0.06641604010025062,
			"team": "a37f9158-7f82-46bc-908c-c9e2dda7c33b",
			"teamName": "Breckenridge Jazz Hands",
			"walksAndHitsPerInningPitched": 1.7734806629834254,
			"walkRate": 0.15914786967418545,
			"winningPercentage": 0.3,
			"wins": 6
		}
	},
	"postseasons": {
		"1": {
			"appearances": 2,
			"battersFaced": 89,
			"basesOnBalls": 16,
			"basesOnBallsPerNine": 7.578947368421052,
			"earnedRuns": 19,
			"earnedRunAverage": 9,
			"flyouts": 5,
			"groundouts": 31,
			"hitsAllowed": 20,
			"hitsAllowedPerNine": 9.473684210526315,
			"homeRuns": 4,
			"homeRunsPerNine": 1.894736842105263,
			"inningsPitched": 19,
			"losses": 2,
			"numberOfPitches": 0,
			"qualityStarts": 0,
			"shutouts": 0,
			"strikeouts": 8,
			"strikeoutToWalkRatio": 0.5,
			"strikeoutsPerNine": 3.789473684210526,
			"strikeoutRate": 0.0898876404494382,
			"team": "a37f9158-7f82-46bc-908c-c9e2dda7c33b",
			"teamName": "Breckenridge Jazz Hands",
			"walksAndHitsPerInningPitched": 1.894736842105263,
			"walkRate": 0.1797752808988764,
			"winningPercentage": 0,
			"wins": 0
		},
		"2": {
			"appearances": 1,
			"battersFaced": 44,
			"basesOnBalls": 10,
			"basesOnBallsPerNine": 9,
			"earnedRuns": 5,
			"earnedRunAverage": 4.5,
			"flyouts": 5,
			"groundouts": 11,
			"hitsAllowed": 9,
			"hitsAllowedPerNine": 8.1,
			"homeRuns": 0,
			"homeRunsPerNine": 0,
			"inningsPitched": 10,
			"losses": 0,
			"numberOfPitches": 0,
			"qualityStarts": 0,
			"shutouts": 0,
			"strikeouts": 3,
			"strikeoutToWalkRatio": 0.3,
			"strikeoutsPerNine": 2.6999999999999997,
			"strikeoutRate": 0.06818181818181818,
			"team": "a37f9158-7f82-46bc-908c-c9e2dda7c33b",
			"teamName": "Breckenridge Jazz Hands",
			"walksAndHitsPerInningPitched": 1.9,
			"walkRate": 0.22727272727272727,
			"winningPercentage": 1,
			"wins": 1
		}
	},
	"slug": "campos-arias"
}
