{
	"careerPostseason": {
		"appearances": 1,
		"battersFaced": 36,
		"basesOnBalls": 5,
		"basesOnBallsPerNine": 4.5,
		"earnedRuns": 0,
		"earnedRunAverage": 0,
		"flyouts": 3,
		"groundouts": 16,
		"hitsAllowed": 6,
		"hitsAllowedPerNine": 5.3999999999999995,
		"homeRuns": 0,
		"homeRunsPerNine": 0,
		"inningsPitched": 10,
		"losses": 0,
		"numberOfPitches": 0,
		"qualityStarts": 1,
		"shutouts": 1,
		"strikeouts": 5,
		"strikeoutToWalkRatio": 1,
		"strikeoutsPerNine": 4.5,
		"strikeoutRate": 0.1388888888888889,
		"team": null,
		"teamName": null,
		"walksAndHitsPerInningPitched": 1.1,
		"walkRate": 0.1388888888888889,
		"winningPercentage": 1,
		"wins": 1
	},
	"careerSeason": {
		"appearances": 33,
		"battersFaced": 1316,
		"basesOnBalls": 161,
		"basesOnBallsPerNine": 4.798013245033112,
		"earnedRuns": 201,
		"earnedRunAverage": 5.990066225165563,
		"flyouts": 165,
		"groundouts": 402,
		"hitsAllowed": 359,
		"hitsAllowedPerNine": 10.698675496688741,
		"homeRuns": 23,
		"homeRunsPerNine": 0.685430463576159,
		"inningsPitched": 302,
		"losses": 18,
		"numberOfPitches": 0,
		"qualityStarts": 5,
		"shutouts": 2,
		"strikeouts": 115,
		"strikeoutToWalkRatio": 0.7142857142857143,
		"strikeoutsPerNine": 3.4271523178807946,
		"strikeoutRate": 0.08738601823708207,
		"team": null,
		"teamName": null,
		"walksAndHitsPerInningPitched": 1.7218543046357615,
		"walkRate": 0.12234042553191489,
		"winningPercentage": 0.45454545454545453,
		"wins": 15
	},
	"id": "378c07b0-5645-44b5-869f-497d144c7b35",
	"name": "Fynn Doyle",
	"seasons": {
		"1": {
			"appearances": 13,
			"battersFaced": 518,
			"basesOnBalls": 76,
			"basesOnBallsPerNine": 6.107142857142858,
			"earnedRuns": 99,
			"earnedRunAverage": 7.955357142857143,
			"flyouts": 62,
			"groundouts": 162,
			"hitsAllowed": 138,
			"hitsAllowedPerNine": 11.089285714285715,
			"homeRuns": 11,
			"homeRunsPerNine": 0.8839285714285714,
			"inningsPitched": 112,
			"losses": 10,
			"numberOfPitches": 0,
			"qualityStarts": 3,
			"shutouts": 1,
			"strikeouts": 35,
			"strikeoutToWalkRatio": 0.4605263157894737,
			"strikeoutsPerNine": 2.8125,
			"strikeoutRate": 0.06756756756756757,
			"team": "36569151-a2fb-43c1-9df7-2df512424c82",
			"teamName": "New York Millennials",
			"walksAndHitsPerInningPitched": 1.9107142857142858,
			"walkRate": 0.14671814671814673,
			"winningPercentage": 0.23076923076923078,
			"wins": 3
		},
		"2": {
			"appearances": 20,
			"battersFaced": 798,
			"basesOnBalls": 85,
			"basesOnBallsPerNine": 4.026315789473684,
			"earnedRuns": 102,
			"earnedRunAverage": 4.831578947368421,
			"flyouts": 103,
			"groundouts": 240,
			"hitsAllowed": 221,
			"hitsAllowedPerNine": 10.46842105263158,
			"homeRuns": 12,
			"homeRunsPerNine": 0.5684210526315789,
			"inningsPitched": 190,
			"losses": 8,
			"numberOfPitches": 0,
			"qualityStarts": 2,
			"shutouts": 1,
			"strikeouts": 80,
			"strikeoutToWalkRatio": 0.9411764705882353,
			"strikeoutsPerNine": 3.789473684210526,
			"strikeoutRate": 0.10025062656641603,
			"team": "36569151-a2fb-43c1-9df7-2df512424c82",
			"teamName": "New York Millennials",
			"walksAndHitsPerInningPitched": 1.6105263157894736,
			"walkRate": 0.10651629072681704,
			"winningPercentage": 0.6,
			"wins": 12
		}
	},
	"postseasons": {
		"2": {
			"appearances": 1,
			"battersFaced": 36,
			"basesOnBalls": 5,
			"basesOnBallsPerNine": 4.5,
			"earnedRuns": 0,
			"earnedRunAverage": 0,
			"flyouts": 3,
			"groundouts": 16,
			"hitsAllowed": 6,
			"hitsAllowedPerNine": 5.3999999999999995,
			"homeRuns": 0,
			"homeRunsPerNine": 0,
			"inningsPitched": 10,
			"losses": 0,
			"numberOfPitches": 0,
			"qualityStarts": 1,
			"shutouts": 1,
			"strikeouts": 5,
			"strikeoutToWalkRatio": 1,
			"strikeoutsPerNine": 4.5,
			"strikeoutRate": 0.1388888888888889,
			"team": "36569151-a2fb-43c1-9df7-2df512424c82",
			"teamName": "New York Millennials",
			"walksAndHitsPerInningPitched": 1.1,
			"walkRate": 0.1388888888888889,
			"winningPercentage": 1,
			"wins": 1
		}
	}
}
