{
	"careerPostseason": {
		"appearances": 3,
		"battersFaced": 105,
		"basesOnBalls": 11,
		"basesOnBallsPerNine": 3.96,
		"earnedRuns": 9,
		"earnedRunAverage": 3.24,
		"flyouts": 20,
		"groundouts": 36,
		"hitsAllowed": 25,
		"hitsAllowedPerNine": 9,
		"homeRuns": 2,
		"homeRunsPerNine": 0.72,
		"inningsPitched": 25,
		"losses": 1,
		"numberOfPitches": 0,
		"qualityStarts": 1,
		"shutouts": 1,
		"strikeouts": 9,
		"strikeoutToWalkRatio": 0.8181818181818182,
		"strikeoutsPerNine": 3.2399999999999998,
		"strikeoutRate": 0.08571428571428572,
		"team": null,
		"teamName": null,
		"walksAndHitsPerInningPitched": 1.44,
		"walkRate": 0.10476190476190476,
		"winningPercentage": 0.6666666666666666,
		"wins": 2
	},
	"careerSeason": {
		"appearances": 33,
		"battersFaced": 1316,
		"basesOnBalls": 161,
		"basesOnBallsPerNine": 4.798013245033112,
		"earnedRuns": 203,
		"earnedRunAverage": 6.049668874172186,
		"flyouts": 165,
		"groundouts": 402,
		"hitsAllowed": 359,
		"hitsAllowedPerNine": 10.698675496688741,
		"homeRuns": 26,
		"homeRunsPerNine": 0.7748344370860927,
		"inningsPitched": 302,
		"losses": 18,
		"numberOfPitches": 0,
		"qualityStarts": 5,
		"shutouts": 2,
		"strikeouts": 115,
		"strikeoutToWalkRatio": 0.7142857142857143,
		"strikeoutsPerNine": 3.4271523178807946,
		"strikeoutRate": 0.08738601823708207,
		"team": null,
		"teamName": null,
		"walksAndHitsPerInningPitched": 1.7218543046357615,
		"walkRate": 0.12234042553191489,
		"winningPercentage": 0.45454545454545453,
		"wins": 15
	},
	"id": "378c07b0-5645-44b5-869f-497d144c7b35",
	"name": "Fynn Doyle",
	"seasons": {
		"1": {
			"appearances": 13,
			"battersFaced": 518,
			"basesOnBalls": 76,
			"basesOnBallsPerNine": 6.107142857142858,
			"earnedRuns": 96,
			"earnedRunAverage": 7.714285714285714,
			"flyouts": 62,
			"groundouts": 162,
			"hitsAllowed": 138,
			"hitsAllowedPerNine": 11.089285714285715,
			"homeRuns": 13,
			"homeRunsPerNine": 1.0446428571428572,
			"inningsPitched": 112,
			"losses": 10,
			"numberOfPitches": 0,
			"qualityStarts": 3,
			"shutouts": 1,
			"strikeouts": 35,
			"strikeoutToWalkRatio": 0.4605263157894737,
			"strikeoutsPerNine": 2.8125,
			"strikeoutRate": 0.06756756756756757,
			"team": "36569151-a2fb-43c1-9df7-2df512424c82",
			"teamName": "New York Millennials",
			"walksAndHitsPerInningPitched": 1.9107142857142858,
			"walkRate": 0.14671814671814673,
			"winningPercentage": 0.23076923076923078,
			"wins": 3
		},
		"2": {
			"appearances": 20,
			"battersFaced": 798,
			"basesOnBalls": 85,
			"basesOnBallsPerNine": 4.026315789473684,
			"earnedRuns": 107,
			"earnedRunAverage": 5.068421052631579,
			"flyouts": 103,
			"groundouts": 240,
			"hitsAllowed": 221,
			"hitsAllowedPerNine": 10.46842105263158,
			"homeRuns": 13,
			"homeRunsPerNine": 0.6157894736842106,
			"inningsPitched": 190,
			"losses": 8,
			"numberOfPitches": 0,
			"qualityStarts": 2,
			"shutouts": 1,
			"strikeouts": 80,
			"strikeoutToWalkRatio": 0.9411764705882353,
			"strikeoutsPerNine": 3.789473684210526,
			"strikeoutRate": 0.10025062656641603,
			"team": "36569151-a2fb-43c1-9df7-2df512424c82",
			"teamName": "New York Millennials",
			"walksAndHitsPerInningPitched": 1.6105263157894736,
			"walkRate": 0.10651629072681704,
			"winningPercentage": 0.6,
			"wins": 12
		}
	},
	"postseasons": {
		"2": {
			"appearances": 3,
			"battersFaced": 105,
			"basesOnBalls": 11,
			"basesOnBallsPerNine": 3.96,
			"earnedRuns": 9,
			"earnedRunAverage": 3.24,
			"flyouts": 20,
			"groundouts": 36,
			"hitsAllowed": 25,
			"hitsAllowedPerNine": 9,
			"homeRuns": 2,
			"homeRunsPerNine": 0.72,
			"inningsPitched": 25,
			"losses": 1,
			"numberOfPitches": 0,
			"qualityStarts": 1,
			"shutouts": 1,
			"strikeouts": 9,
			"strikeoutToWalkRatio": 0.8181818181818182,
			"strikeoutsPerNine": 3.2399999999999998,
			"strikeoutRate": 0.08571428571428572,
			"team": "36569151-a2fb-43c1-9df7-2df512424c82",
			"teamName": "New York Millennials",
			"walksAndHitsPerInningPitched": 1.44,
			"walkRate": 0.10476190476190476,
			"winningPercentage": 0.6666666666666666,
			"wins": 2
		}
	},
	"slug": "fynn-doyle"
}
