{
	"careerPostseason": {
		"appearances": 1,
		"battersFaced": 28,
		"basesOnBalls": 0,
		"basesOnBallsPerNine": 0,
		"earnedRuns": 0,
		"earnedRunAverage": 0,
		"flyouts": 8,
		"groundouts": 16,
		"hitsAllowed": 3,
		"hitsAllowedPerNine": 2.6999999999999997,
		"homeRuns": 0,
		"homeRunsPerNine": 0,
		"inningsPitched": 10,
		"losses": 0,
		"numberOfPitches": 0,
		"qualityStarts": 1,
		"shutouts": 1,
		"strikeouts": 3,
		"strikeoutToWalkRatio": 0,
		"strikeoutsPerNine": 2.6999999999999997,
		"strikeoutRate": 0.10714285714285714,
		"team": null,
		"teamName": null,
		"walksAndHitsPerInningPitched": 0.3,
		"walkRate": 0,
		"winningPercentage": 1,
		"wins": 1
	},
	"careerSeason": {
		"appearances": 33,
		"battersFaced": 1113,
		"basesOnBalls": 61,
		"basesOnBallsPerNine": 1.8673469387755102,
		"earnedRuns": 129,
		"earnedRunAverage": 3.9489795918367347,
		"flyouts": 174,
		"groundouts": 425,
		"hitsAllowed": 278,
		"hitsAllowedPerNine": 8.510204081632654,
		"homeRuns": 33,
		"homeRunsPerNine": 1.010204081632653,
		"inningsPitched": 294,
		"losses": 18,
		"numberOfPitches": 0,
		"qualityStarts": 15,
		"shutouts": 2,
		"strikeouts": 130,
		"strikeoutToWalkRatio": 2.1311475409836067,
		"strikeoutsPerNine": 3.9795918367346936,
		"strikeoutRate": 0.11680143755615453,
		"team": null,
		"teamName": null,
		"walksAndHitsPerInningPitched": 1.153061224489796,
		"walkRate": 0.05480682839173405,
		"winningPercentage": 0.45454545454545453,
		"wins": 15
	},
	"id": "24f6829e-7bb4-4e1e-8b59-a07514657e72",
	"name": "King Weatherman",
	"seasons": {
		"1": {
			"appearances": 13,
			"battersFaced": 462,
			"basesOnBalls": 19,
			"basesOnBallsPerNine": 1.3902439024390245,
			"earnedRuns": 53,
			"earnedRunAverage": 3.8780487804878048,
			"flyouts": 69,
			"groundouts": 176,
			"hitsAllowed": 112,
			"hitsAllowedPerNine": 8.195121951219512,
			"homeRuns": 12,
			"homeRunsPerNine": 0.8780487804878049,
			"inningsPitched": 123,
			"losses": 6,
			"numberOfPitches": 0,
			"qualityStarts": 6,
			"shutouts": 0,
			"strikeouts": 65,
			"strikeoutToWalkRatio": 3.4210526315789473,
			"strikeoutsPerNine": 4.7560975609756095,
			"strikeoutRate": 0.1406926406926407,
			"team": "3f8bbb15-61c0-4e3f-8e4a-907a5fb1565e",
			"teamName": "Boston Flowers",
			"walksAndHitsPerInningPitched": 1.065040650406504,
			"walkRate": 0.04112554112554113,
			"winningPercentage": 0.5384615384615384,
			"wins": 7
		},
		"2": {
			"appearances": 20,
			"battersFaced": 651,
			"basesOnBalls": 42,
			"basesOnBallsPerNine": 2.2105263157894735,
			"earnedRuns": 76,
			"earnedRunAverage": 4,
			"flyouts": 105,
			"groundouts": 249,
			"hitsAllowed": 166,
			"hitsAllowedPerNine": 8.736842105263158,
			"homeRuns": 21,
			"homeRunsPerNine": 1.1052631578947367,
			"inningsPitched": 171,
			"losses": 12,
			"numberOfPitches": 0,
			"qualityStarts": 9,
			"shutouts": 2,
			"strikeouts": 65,
			"strikeoutToWalkRatio": 1.5476190476190477,
			"strikeoutsPerNine": 3.4210526315789473,
			"strikeoutRate": 0.09984639016897082,
			"team": "3f8bbb15-61c0-4e3f-8e4a-907a5fb1565e",
			"teamName": "Boston Flowers",
			"walksAndHitsPerInningPitched": 1.2163742690058479,
			"walkRate": 0.06451612903225806,
			"winningPercentage": 0.4,
			"wins": 8
		}
	},
	"postseasons": {
		"1": {
			"appearances": 1,
			"battersFaced": 28,
			"basesOnBalls": 0,
			"basesOnBallsPerNine": 0,
			"earnedRuns": 0,
			"earnedRunAverage": 0,
			"flyouts": 8,
			"groundouts": 16,
			"hitsAllowed": 3,
			"hitsAllowedPerNine": 2.6999999999999997,
			"homeRuns": 0,
			"homeRunsPerNine": 0,
			"inningsPitched": 10,
			"losses": 0,
			"numberOfPitches": 0,
			"qualityStarts": 1,
			"shutouts": 1,
			"strikeouts": 3,
			"strikeoutToWalkRatio": 0,
			"strikeoutsPerNine": 2.6999999999999997,
			"strikeoutRate": 0.10714285714285714,
			"team": "3f8bbb15-61c0-4e3f-8e4a-907a5fb1565e",
			"teamName": "Boston Flowers",
			"walksAndHitsPerInningPitched": 0.3,
			"walkRate": 0,
			"winningPercentage": 1,
			"wins": 1
		}
	}
}
