{
	"careerPostseason": {
		"appearances": 5,
		"battersFaced": 187,
		"basesOnBalls": 18,
		"basesOnBallsPerNine": 3.306122448979592,
		"earnedRuns": 23,
		"earnedRunAverage": 4.224489795918367,
		"flyouts": 25,
		"groundouts": 77,
		"hitsAllowed": 44,
		"hitsAllowedPerNine": 8.081632653061224,
		"homeRuns": 6,
		"homeRunsPerNine": 1.1020408163265305,
		"inningsPitched": 49,
		"losses": 1,
		"numberOfPitches": 0,
		"qualityStarts": 1,
		"shutouts": 0,
		"strikeouts": 13,
		"strikeoutToWalkRatio": 0.7222222222222222,
		"strikeoutsPerNine": 2.3877551020408165,
		"strikeoutRate": 0.06951871657754011,
		"team": null,
		"teamName": null,
		"walksAndHitsPerInningPitched": 1.2653061224489797,
		"walkRate": 0.0962566844919786,
		"winningPercentage": 0.8,
		"wins": 4
	},
	"careerSeason": {
		"appearances": 31,
		"battersFaced": 1185,
		"basesOnBalls": 126,
		"basesOnBallsPerNine": 3.9929577464788735,
		"earnedRuns": 188,
		"earnedRunAverage": 5.957746478873239,
		"flyouts": 144,
		"groundouts": 409,
		"hitsAllowed": 295,
		"hitsAllowedPerNine": 9.348591549295776,
		"homeRuns": 40,
		"homeRunsPerNine": 1.267605633802817,
		"inningsPitched": 284,
		"losses": 17,
		"numberOfPitches": 0,
		"qualityStarts": 15,
		"shutouts": 2,
		"strikeouts": 132,
		"strikeoutToWalkRatio": 1.0476190476190477,
		"strikeoutsPerNine": 4.183098591549296,
		"strikeoutRate": 0.11139240506329114,
		"team": null,
		"teamName": null,
		"walksAndHitsPerInningPitched": 1.482394366197183,
		"walkRate": 0.10632911392405063,
		"winningPercentage": 0.45161290322580644,
		"wins": 14
	},
	"id": "814bae61-071a-449b-981e-e7afc839d6d6",
	"name": "Ruslan Greatness",
	"seasons": {
		"1": {
			"appearances": 12,
			"battersFaced": 465,
			"basesOnBalls": 49,
			"basesOnBallsPerNine": 3.8684210526315788,
			"earnedRuns": 78,
			"earnedRunAverage": 6.157894736842105,
			"flyouts": 64,
			"groundouts": 157,
			"hitsAllowed": 113,
			"hitsAllowedPerNine": 8.921052631578947,
			"homeRuns": 19,
			"homeRunsPerNine": 1.5,
			"inningsPitched": 114,
			"losses": 6,
			"numberOfPitches": 0,
			"qualityStarts": 3,
			"shutouts": 1,
			"strikeouts": 55,
			"strikeoutToWalkRatio": 1.1224489795918366,
			"strikeoutsPerNine": 4.342105263157895,
			"strikeoutRate": 0.11827956989247312,
			"team": "23e4cbc1-e9cd-47fa-a35b-bfa06f726cb7",
			"teamName": "Philly Pies",
			"walksAndHitsPerInningPitched": 1.4210526315789473,
			"walkRate": 0.1053763440860215,
			"winningPercentage": 0.5,
			"wins": 6
		},
		"2": {
			"appearances": 19,
			"battersFaced": 720,
			"basesOnBalls": 77,
			"basesOnBallsPerNine": 4.076470588235294,
			"earnedRuns": 110,
			"earnedRunAverage": 5.823529411764706,
			"flyouts": 80,
			"groundouts": 252,
			"hitsAllowed": 182,
			"hitsAllowedPerNine": 9.635294117647058,
			"homeRuns": 21,
			"homeRunsPerNine": 1.111764705882353,
			"inningsPitched": 170,
			"losses": 11,
			"numberOfPitches": 0,
			"qualityStarts": 12,
			"shutouts": 1,
			"strikeouts": 77,
			"strikeoutToWalkRatio": 1,
			"strikeoutsPerNine": 4.076470588235294,
			"strikeoutRate": 0.10694444444444444,
			"team": "23e4cbc1-e9cd-47fa-a35b-bfa06f726cb7",
			"teamName": "Philly Pies",
			"walksAndHitsPerInningPitched": 1.5235294117647058,
			"walkRate": 0.10694444444444444,
			"winningPercentage": 0.42105263157894735,
			"wins": 8
		}
	},
	"postseasons": {
		"1": {
			"appearances": 3,
			"battersFaced": 108,
			"basesOnBalls": 8,
			"basesOnBallsPerNine": 2.4,
			"earnedRuns": 13,
			"earnedRunAverage": 3.9,
			"flyouts": 15,
			"groundouts": 50,
			"hitsAllowed": 25,
			"hitsAllowedPerNine": 7.5,
			"homeRuns": 3,
			"homeRunsPerNine": 0.9,
			"inningsPitched": 30,
			"losses": 0,
			"numberOfPitches": 0,
			"qualityStarts": 0,
			"shutouts": 0,
			"strikeouts": 8,
			"strikeoutToWalkRatio": 1,
			"strikeoutsPerNine": 2.4,
			"strikeoutRate": 0.07407407407407407,
			"team": "23e4cbc1-e9cd-47fa-a35b-bfa06f726cb7",
			"teamName": "Philly Pies",
			"walksAndHitsPerInningPitched": 1.1,
			"walkRate": 0.07407407407407407,
			"winningPercentage": 1,
			"wins": 3
		},
		"2": {
			"appearances": 2,
			"battersFaced": 79,
			"basesOnBalls": 10,
			"basesOnBallsPerNine": 4.7368421052631575,
			"earnedRuns": 10,
			"earnedRunAverage": 4.7368421052631575,
			"flyouts": 10,
			"groundouts": 27,
			"hitsAllowed": 19,
			"hitsAllowedPerNine": 9,
			"homeRuns": 3,
			"homeRunsPerNine": 1.4210526315789473,
			"inningsPitched": 19,
			"losses": 1,
			"numberOfPitches": 0,
			"qualityStarts": 1,
			"shutouts": 0,
			"strikeouts": 5,
			"strikeoutToWalkRatio": 0.5,
			"strikeoutsPerNine": 2.3684210526315788,
			"strikeoutRate": 0.06329113924050633,
			"team": "23e4cbc1-e9cd-47fa-a35b-bfa06f726cb7",
			"teamName": "Philly Pies",
			"walksAndHitsPerInningPitched": 1.5263157894736843,
			"walkRate": 0.12658227848101267,
			"winningPercentage": 0.5,
			"wins": 1
		}
	}
}
