{
	"careerPostseason": {
		"appearances": 3,
		"battersFaced": 130,
		"basesOnBalls": 22,
		"basesOnBallsPerNine": 6.827586206896552,
		"earnedRuns": 29,
		"earnedRunAverage": 9,
		"flyouts": 13,
		"groundouts": 45,
		"hitsAllowed": 31,
		"hitsAllowedPerNine": 9.620689655172413,
		"homeRuns": 6,
		"homeRunsPerNine": 1.8620689655172413,
		"inningsPitched": 29,
		"losses": 1,
		"numberOfPitches": 0,
		"qualityStarts": 0,
		"shutouts": 0,
		"strikeouts": 7,
		"strikeoutToWalkRatio": 0.3181818181818182,
		"strikeoutsPerNine": 2.1724137931034484,
		"strikeoutRate": 0.05384615384615385,
		"team": null,
		"teamName": null,
		"walksAndHitsPerInningPitched": 1.8275862068965518,
		"walkRate": 0.16923076923076924,
		"winningPercentage": 0.6666666666666666,
		"wins": 2
	},
	"careerSeason": {
		"appearances": 33,
		"battersFaced": 1279,
		"basesOnBalls": 125,
		"basesOnBallsPerNine": 3.737541528239203,
		"earnedRuns": 200,
		"earnedRunAverage": 5.980066445182724,
		"flyouts": 186,
		"groundouts": 383,
		"hitsAllowed": 345,
		"hitsAllowedPerNine": 10.3156146179402,
		"homeRuns": 45,
		"homeRunsPerNine": 1.345514950166113,
		"inningsPitched": 301,
		"losses": 17,
		"numberOfPitches": 0,
		"qualityStarts": 6,
		"shutouts": 0,
		"strikeouts": 148,
		"strikeoutToWalkRatio": 1.184,
		"strikeoutsPerNine": 4.425249169435216,
		"strikeoutRate": 0.11571540265832682,
		"team": null,
		"teamName": null,
		"walksAndHitsPerInningPitched": 1.5614617940199336,
		"walkRate": 0.09773260359655982,
		"winningPercentage": 0.48484848484848486,
		"wins": 16
	},
	"id": "36786f44-9066-4028-98d9-4fa84465ab9e",
	"name": "Beasley Gloom",
	"seasons": {
		"1": {
			"appearances": 13,
			"battersFaced": 472,
			"basesOnBalls": 38,
			"basesOnBallsPerNine": 3.137614678899083,
			"earnedRuns": 81,
			"earnedRunAverage": 6.6880733944954125,
			"flyouts": 71,
			"groundouts": 140,
			"hitsAllowed": 139,
			"hitsAllowedPerNine": 11.477064220183486,
			"homeRuns": 23,
			"homeRunsPerNine": 1.8990825688073396,
			"inningsPitched": 109,
			"losses": 10,
			"numberOfPitches": 0,
			"qualityStarts": 1,
			"shutouts": 0,
			"strikeouts": 56,
			"strikeoutToWalkRatio": 1.4736842105263157,
			"strikeoutsPerNine": 4.623853211009175,
			"strikeoutRate": 0.11864406779661017,
			"team": "bfd38797-8404-4b38-8b82-341da28b1f83",
			"teamName": "Charleston Shoe Thieves",
			"walksAndHitsPerInningPitched": 1.6238532110091743,
			"walkRate": 0.08050847457627118,
			"winningPercentage": 0.23076923076923078,
			"wins": 3
		},
		"2": {
			"appearances": 20,
			"battersFaced": 807,
			"basesOnBalls": 87,
			"basesOnBallsPerNine": 4.078125,
			"earnedRuns": 119,
			"earnedRunAverage": 5.578125,
			"flyouts": 115,
			"groundouts": 243,
			"hitsAllowed": 206,
			"hitsAllowedPerNine": 9.65625,
			"homeRuns": 22,
			"homeRunsPerNine": 1.03125,
			"inningsPitched": 192,
			"losses": 7,
			"numberOfPitches": 0,
			"qualityStarts": 5,
			"shutouts": 0,
			"strikeouts": 92,
			"strikeoutToWalkRatio": 1.0574712643678161,
			"strikeoutsPerNine": 4.3125,
			"strikeoutRate": 0.11400247831474597,
			"team": "bfd38797-8404-4b38-8b82-341da28b1f83",
			"teamName": "Charleston Shoe Thieves",
			"walksAndHitsPerInningPitched": 1.5260416666666667,
			"walkRate": 0.10780669144981413,
			"winningPercentage": 0.65,
			"wins": 13
		}
	},
	"postseasons": {
		"1": {
			"appearances": 2,
			"battersFaced": 79,
			"basesOnBalls": 10,
			"basesOnBallsPerNine": 4.5,
			"earnedRuns": 9,
			"earnedRunAverage": 4.05,
			"flyouts": 7,
			"groundouts": 29,
			"hitsAllowed": 15,
			"hitsAllowedPerNine": 6.75,
			"homeRuns": 2,
			"homeRunsPerNine": 0.9,
			"inningsPitched": 20,
			"losses": 0,
			"numberOfPitches": 0,
			"qualityStarts": 0,
			"shutouts": 0,
			"strikeouts": 6,
			"strikeoutToWalkRatio": 0.6,
			"strikeoutsPerNine": 2.6999999999999997,
			"strikeoutRate": 0.0759493670886076,
			"team": "bfd38797-8404-4b38-8b82-341da28b1f83",
			"teamName": "Charleston Shoe Thieves",
			"walksAndHitsPerInningPitched": 1.25,
			"walkRate": 0.12658227848101267,
			"winningPercentage": 1,
			"wins": 2
		},
		"2": {
			"appearances": 1,
			"battersFaced": 51,
			"basesOnBalls": 12,
			"basesOnBallsPerNine": 12,
			"earnedRuns": 20,
			"earnedRunAverage": 20,
			"flyouts": 6,
			"groundouts": 16,
			"hitsAllowed": 16,
			"hitsAllowedPerNine": 16,
			"homeRuns": 4,
			"homeRunsPerNine": 4,
			"inningsPitched": 9,
			"losses": 1,
			"numberOfPitches": 0,
			"qualityStarts": 0,
			"shutouts": 0,
			"strikeouts": 1,
			"strikeoutToWalkRatio": 0.08333333333333333,
			"strikeoutsPerNine": 1,
			"strikeoutRate": 0.0196078431372549,
			"team": "bfd38797-8404-4b38-8b82-341da28b1f83",
			"teamName": "Charleston Shoe Thieves",
			"walksAndHitsPerInningPitched": 3.111111111111111,
			"walkRate": 0.23529411764705882,
			"winningPercentage": 0,
			"wins": 0
		}
	},
	"slug": "beasley-gloom"
}
