{
	"careerPostseason": {
		"appearances": 4,
		"battersFaced": 159,
		"basesOnBalls": 8,
		"basesOnBallsPerNine": 1.846153846153846,
		"earnedRuns": 20,
		"earnedRunAverage": 4.615384615384615,
		"flyouts": 26,
		"groundouts": 56,
		"hitsAllowed": 42,
		"hitsAllowedPerNine": 9.692307692307692,
		"homeRuns": 7,
		"homeRunsPerNine": 1.6153846153846154,
		"inningsPitched": 39,
		"losses": 2,
		"numberOfPitches": 0,
		"qualityStarts": 0,
		"shutouts": 0,
		"strikeouts": 20,
		"strikeoutToWalkRatio": 2.5,
		"strikeoutsPerNine": 4.615384615384615,
		"strikeoutRate": 0.12578616352201258,
		"team": null,
		"teamName": null,
		"walksAndHitsPerInningPitched": 1.2820512820512822,
		"walkRate": 0.050314465408805034,
		"winningPercentage": 0.5,
		"wins": 2
	},
	"careerSeason": {
		"appearances": 31,
		"battersFaced": 1132,
		"basesOnBalls": 53,
		"basesOnBallsPerNine": 1.65625,
		"earnedRuns": 147,
		"earnedRunAverage": 4.59375,
		"flyouts": 152,
		"groundouts": 399,
		"hitsAllowed": 309,
		"hitsAllowedPerNine": 9.65625,
		"homeRuns": 26,
		"homeRunsPerNine": 0.8125,
		"inningsPitched": 288,
		"losses": 15,
		"numberOfPitches": 0,
		"qualityStarts": 10,
		"shutouts": 0,
		"strikeouts": 152,
		"strikeoutToWalkRatio": 2.8679245283018866,
		"strikeoutsPerNine": 4.75,
		"strikeoutRate": 0.13427561837455831,
		"team": null,
		"teamName": null,
		"walksAndHitsPerInningPitched": 1.2569444444444444,
		"walkRate": 0.046819787985865724,
		"winningPercentage": 0.5161290322580645,
		"wins": 16
	},
	"id": "5e4dfa16-f1b9-400f-b8ef-a1613c2b026a",
	"name": "Snyder Briggs",
	"seasons": {
		"1": {
			"appearances": 12,
			"battersFaced": 450,
			"basesOnBalls": 15,
			"basesOnBallsPerNine": 1.1739130434782608,
			"earnedRuns": 58,
			"earnedRunAverage": 4.539130434782609,
			"flyouts": 56,
			"groundouts": 158,
			"hitsAllowed": 128,
			"hitsAllowedPerNine": 10.017391304347827,
			"homeRuns": 10,
			"homeRunsPerNine": 0.7826086956521738,
			"inningsPitched": 115,
			"losses": 5,
			"numberOfPitches": 0,
			"qualityStarts": 3,
			"shutouts": 0,
			"strikeouts": 63,
			"strikeoutToWalkRatio": 4.2,
			"strikeoutsPerNine": 4.930434782608695,
			"strikeoutRate": 0.14,
			"team": "bfd38797-8404-4b38-8b82-341da28b1f83",
			"teamName": "Charleston Shoe Thieves",
			"walksAndHitsPerInningPitched": 1.2434782608695651,
			"walkRate": 0.03333333333333333,
			"winningPercentage": 0.5833333333333334,
			"wins": 7
		},
		"2": {
			"appearances": 19,
			"battersFaced": 682,
			"basesOnBalls": 38,
			"basesOnBallsPerNine": 1.976878612716763,
			"earnedRuns": 89,
			"earnedRunAverage": 4.630057803468208,
			"flyouts": 96,
			"groundouts": 241,
			"hitsAllowed": 181,
			"hitsAllowedPerNine": 9.416184971098266,
			"homeRuns": 16,
			"homeRunsPerNine": 0.8323699421965317,
			"inningsPitched": 173,
			"losses": 10,
			"numberOfPitches": 0,
			"qualityStarts": 7,
			"shutouts": 0,
			"strikeouts": 89,
			"strikeoutToWalkRatio": 2.3421052631578947,
			"strikeoutsPerNine": 4.630057803468208,
			"strikeoutRate": 0.13049853372434017,
			"team": "bfd38797-8404-4b38-8b82-341da28b1f83",
			"teamName": "Charleston Shoe Thieves",
			"walksAndHitsPerInningPitched": 1.2658959537572254,
			"walkRate": 0.05571847507331378,
			"winningPercentage": 0.47368421052631576,
			"wins": 9
		}
	},
	"postseasons": {
		"1": {
			"appearances": 3,
			"battersFaced": 113,
			"basesOnBalls": 7,
			"basesOnBallsPerNine": 2.333333333333333,
			"earnedRuns": 17,
			"earnedRunAverage": 5.666666666666667,
			"flyouts": 16,
			"groundouts": 36,
			"hitsAllowed": 32,
			"hitsAllowedPerNine": 10.666666666666666,
			"homeRuns": 5,
			"homeRunsPerNine": 1.6666666666666665,
			"inningsPitched": 27,
			"losses": 2,
			"numberOfPitches": 0,
			"qualityStarts": 0,
			"shutouts": 0,
			"strikeouts": 16,
			"strikeoutToWalkRatio": 2.2857142857142856,
			"strikeoutsPerNine": 5.333333333333333,
			"strikeoutRate": 0.1415929203539823,
			"team": "bfd38797-8404-4b38-8b82-341da28b1f83",
			"teamName": "Charleston Shoe Thieves",
			"walksAndHitsPerInningPitched": 1.4444444444444444,
			"walkRate": 0.061946902654867256,
			"winningPercentage": 0.3333333333333333,
			"wins": 1
		},
		"2": {
			"appearances": 1,
			"battersFaced": 46,
			"basesOnBalls": 1,
			"basesOnBallsPerNine": 0.75,
			"earnedRuns": 3,
			"earnedRunAverage": 2.25,
			"flyouts": 10,
			"groundouts": 20,
			"hitsAllowed": 10,
			"hitsAllowedPerNine": 7.5,
			"homeRuns": 2,
			"homeRunsPerNine": 1.5,
			"inningsPitched": 12,
			"losses": 0,
			"numberOfPitches": 0,
			"qualityStarts": 0,
			"shutouts": 0,
			"strikeouts": 4,
			"strikeoutToWalkRatio": 4,
			"strikeoutsPerNine": 3,
			"strikeoutRate": 0.08695652173913043,
			"team": "bfd38797-8404-4b38-8b82-341da28b1f83",
			"teamName": "Charleston Shoe Thieves",
			"walksAndHitsPerInningPitched": 0.9166666666666666,
			"walkRate": 0.021739130434782608,
			"winningPercentage": 1,
			"wins": 1
		}
	}
}
