{
	"careerPostseason": {
		"appearances": 1,
		"battersFaced": 37,
		"basesOnBalls": 1,
		"basesOnBallsPerNine": 1.125,
		"earnedRuns": 5,
		"earnedRunAverage": 5.625,
		"flyouts": 7,
		"groundouts": 8,
		"hitsAllowed": 13,
		"hitsAllowedPerNine": 14.625,
		"homeRuns": 0,
		"homeRunsPerNine": 0,
		"inningsPitched": 8,
		"losses": 1,
		"numberOfPitches": 0,
		"qualityStarts": 1,
		"shutouts": 0,
		"strikeouts": 5,
		"strikeoutToWalkRatio": 5,
		"strikeoutsPerNine": 5.625,
		"strikeoutRate": 0.13513513513513514,
		"team": null,
		"teamName": null,
		"walksAndHitsPerInningPitched": 1.75,
		"walkRate": 0.02702702702702703,
		"winningPercentage": 0,
		"wins": 0
	},
	"careerSeason": {
		"appearances": 33,
		"battersFaced": 1104,
		"basesOnBalls": 67,
		"basesOnBallsPerNine": 2.1010452961672472,
		"earnedRuns": 138,
		"earnedRunAverage": 4.327526132404182,
		"flyouts": 173,
		"groundouts": 360,
		"hitsAllowed": 276,
		"hitsAllowedPerNine": 8.655052264808361,
		"homeRuns": 40,
		"homeRunsPerNine": 1.254355400696864,
		"inningsPitched": 287,
		"losses": 13,
		"numberOfPitches": 0,
		"qualityStarts": 12,
		"shutouts": 1,
		"strikeouts": 174,
		"strikeoutToWalkRatio": 2.5970149253731343,
		"strikeoutsPerNine": 5.456445993031359,
		"strikeoutRate": 0.15760869565217392,
		"team": null,
		"teamName": null,
		"walksAndHitsPerInningPitched": 1.1951219512195121,
		"walkRate": 0.06068840579710145,
		"winningPercentage": 0.6060606060606061,
		"wins": 20
	},
	"id": "042962c8-4d8b-44a6-b854-6ccef3d82716",
	"name": "Ronan Jaylee",
	"seasons": {
		"1": {
			"appearances": 13,
			"battersFaced": 444,
			"basesOnBalls": 17,
			"basesOnBallsPerNine": 1.3189655172413792,
			"earnedRuns": 51,
			"earnedRunAverage": 3.956896551724138,
			"flyouts": 74,
			"groundouts": 143,
			"hitsAllowed": 115,
			"hitsAllowedPerNine": 8.922413793103448,
			"homeRuns": 9,
			"homeRunsPerNine": 0.6982758620689655,
			"inningsPitched": 116,
			"losses": 4,
			"numberOfPitches": 0,
			"qualityStarts": 5,
			"shutouts": 1,
			"strikeouts": 70,
			"strikeoutToWalkRatio": 4.117647058823529,
			"strikeoutsPerNine": 5.431034482758621,
			"strikeoutRate": 0.15765765765765766,
			"team": "b024e975-1c4a-4575-8936-a3754a08806a",
			"teamName": "Dallas Steaks",
			"walksAndHitsPerInningPitched": 1.1379310344827587,
			"walkRate": 0.038288288288288286,
			"winningPercentage": 0.6923076923076923,
			"wins": 9
		},
		"2": {
			"appearances": 20,
			"battersFaced": 660,
			"basesOnBalls": 50,
			"basesOnBallsPerNine": 2.631578947368421,
			"earnedRuns": 87,
			"earnedRunAverage": 4.578947368421052,
			"flyouts": 99,
			"groundouts": 217,
			"hitsAllowed": 161,
			"hitsAllowedPerNine": 8.473684210526315,
			"homeRuns": 31,
			"homeRunsPerNine": 1.631578947368421,
			"inningsPitched": 171,
			"losses": 9,
			"numberOfPitches": 0,
			"qualityStarts": 7,
			"shutouts": 0,
			"strikeouts": 104,
			"strikeoutToWalkRatio": 2.08,
			"strikeoutsPerNine": 5.473684210526315,
			"strikeoutRate": 0.15757575757575756,
			"team": "b024e975-1c4a-4575-8936-a3754a08806a",
			"teamName": "Dallas Steaks",
			"walksAndHitsPerInningPitched": 1.2339181286549707,
			"walkRate": 0.07575757575757576,
			"winningPercentage": 0.55,
			"wins": 11
		}
	},
	"postseasons": {
		"1": {
			"appearances": 1,
			"battersFaced": 37,
			"basesOnBalls": 1,
			"basesOnBallsPerNine": 1.125,
			"earnedRuns": 5,
			"earnedRunAverage": 5.625,
			"flyouts": 7,
			"groundouts": 8,
			"hitsAllowed": 13,
			"hitsAllowedPerNine": 14.625,
			"homeRuns": 0,
			"homeRunsPerNine": 0,
			"inningsPitched": 8,
			"losses": 1,
			"numberOfPitches": 0,
			"qualityStarts": 1,
			"shutouts": 0,
			"strikeouts": 5,
			"strikeoutToWalkRatio": 5,
			"strikeoutsPerNine": 5.625,
			"strikeoutRate": 0.13513513513513514,
			"team": "b024e975-1c4a-4575-8936-a3754a08806a",
			"teamName": "Dallas Steaks",
			"walksAndHitsPerInningPitched": 1.75,
			"walkRate": 0.02702702702702703,
			"winningPercentage": 0,
			"wins": 0
		}
	},
	"slug": "ronan-jaylee"
}
