{
	"careerPostseason": {
		"appearances": 2,
		"battersFaced": 65,
		"basesOnBalls": 2,
		"basesOnBallsPerNine": 1.0588235294117647,
		"earnedRuns": 8,
		"earnedRunAverage": 4.235294117647059,
		"flyouts": 13,
		"groundouts": 20,
		"hitsAllowed": 19,
		"hitsAllowedPerNine": 10.058823529411764,
		"homeRuns": 1,
		"homeRunsPerNine": 0.5294117647058824,
		"inningsPitched": 17,
		"losses": 1,
		"numberOfPitches": 0,
		"qualityStarts": 1,
		"shutouts": 0,
		"strikeouts": 12,
		"strikeoutToWalkRatio": 6,
		"strikeoutsPerNine": 6.352941176470589,
		"strikeoutRate": 0.18461538461538463,
		"team": null,
		"teamName": null,
		"walksAndHitsPerInningPitched": 1.2352941176470589,
		"walkRate": 0.03076923076923077,
		"winningPercentage": 0.5,
		"wins": 1
	},
	"careerSeason": {
		"appearances": 32,
		"battersFaced": 1096,
		"basesOnBalls": 45,
		"basesOnBallsPerNine": 1.411149825783972,
		"earnedRuns": 124,
		"earnedRunAverage": 3.8885017421602788,
		"flyouts": 169,
		"groundouts": 386,
		"hitsAllowed": 284,
		"hitsAllowedPerNine": 8.905923344947736,
		"homeRuns": 25,
		"homeRunsPerNine": 0.7839721254355401,
		"inningsPitched": 287,
		"losses": 20,
		"numberOfPitches": 0,
		"qualityStarts": 22,
		"shutouts": 2,
		"strikeouts": 190,
		"strikeoutToWalkRatio": 4.222222222222222,
		"strikeoutsPerNine": 5.958188153310105,
		"strikeoutRate": 0.17335766423357665,
		"team": null,
		"teamName": null,
		"walksAndHitsPerInningPitched": 1.146341463414634,
		"walkRate": 0.04105839416058394,
		"winningPercentage": 0.375,
		"wins": 12
	},
	"id": "ff5a37d9-a6dd-49aa-b6fb-b935fd670820",
	"name": "Dunn Keyes",
	"seasons": {
		"1": {
			"appearances": 12,
			"battersFaced": 426,
			"basesOnBalls": 14,
			"basesOnBallsPerNine": 1.1886792452830188,
			"earnedRuns": 50,
			"earnedRunAverage": 4.245283018867925,
			"flyouts": 64,
			"groundouts": 143,
			"hitsAllowed": 118,
			"hitsAllowedPerNine": 10.018867924528301,
			"homeRuns": 9,
			"homeRunsPerNine": 0.7641509433962264,
			"inningsPitched": 106,
			"losses": 9,
			"numberOfPitches": 0,
			"qualityStarts": 9,
			"shutouts": 1,
			"strikeouts": 76,
			"strikeoutToWalkRatio": 5.428571428571429,
			"strikeoutsPerNine": 6.452830188679245,
			"strikeoutRate": 0.1784037558685446,
			"team": "3f8bbb15-61c0-4e3f-8e4a-907a5fb1565e",
			"teamName": "Boston Flowers",
			"walksAndHitsPerInningPitched": 1.2452830188679245,
			"walkRate": 0.03286384976525822,
			"winningPercentage": 0.25,
			"wins": 3
		},
		"2": {
			"appearances": 20,
			"battersFaced": 670,
			"basesOnBalls": 31,
			"basesOnBallsPerNine": 1.541436464088398,
			"earnedRuns": 74,
			"earnedRunAverage": 3.679558011049724,
			"flyouts": 105,
			"groundouts": 243,
			"hitsAllowed": 166,
			"hitsAllowedPerNine": 8.25414364640884,
			"homeRuns": 16,
			"homeRunsPerNine": 0.7955801104972375,
			"inningsPitched": 181,
			"losses": 11,
			"numberOfPitches": 0,
			"qualityStarts": 13,
			"shutouts": 1,
			"strikeouts": 114,
			"strikeoutToWalkRatio": 3.6774193548387095,
			"strikeoutsPerNine": 5.668508287292817,
			"strikeoutRate": 0.1701492537313433,
			"team": "3f8bbb15-61c0-4e3f-8e4a-907a5fb1565e",
			"teamName": "Boston Flowers",
			"walksAndHitsPerInningPitched": 1.0883977900552486,
			"walkRate": 0.04626865671641791,
			"winningPercentage": 0.45,
			"wins": 9
		}
	},
	"postseasons": {
		"1": {
			"appearances": 2,
			"battersFaced": 65,
			"basesOnBalls": 2,
			"basesOnBallsPerNine": 1.0588235294117647,
			"earnedRuns": 8,
			"earnedRunAverage": 4.235294117647059,
			"flyouts": 13,
			"groundouts": 20,
			"hitsAllowed": 19,
			"hitsAllowedPerNine": 10.058823529411764,
			"homeRuns": 1,
			"homeRunsPerNine": 0.5294117647058824,
			"inningsPitched": 17,
			"losses": 1,
			"numberOfPitches": 0,
			"qualityStarts": 1,
			"shutouts": 0,
			"strikeouts": 12,
			"strikeoutToWalkRatio": 6,
			"strikeoutsPerNine": 6.352941176470589,
			"strikeoutRate": 0.18461538461538463,
			"team": "3f8bbb15-61c0-4e3f-8e4a-907a5fb1565e",
			"teamName": "Boston Flowers",
			"walksAndHitsPerInningPitched": 1.2352941176470589,
			"walkRate": 0.03076923076923077,
			"winningPercentage": 0.5,
			"wins": 1
		}
	},
	"slug": "dunn-keyes"
}
