{
	"careerPostseason": {
		"appearances": 3,
		"battersFaced": 109,
		"basesOnBalls": 5,
		"basesOnBallsPerNine": 1.6071428571428572,
		"earnedRuns": 20,
		"earnedRunAverage": 6.428571428571429,
		"flyouts": 16,
		"groundouts": 55,
		"hitsAllowed": 25,
		"hitsAllowedPerNine": 8.035714285714286,
		"homeRuns": 5,
		"homeRunsPerNine": 1.6071428571428572,
		"inningsPitched": 28,
		"losses": 1,
		"numberOfPitches": 0,
		"qualityStarts": 0,
		"shutouts": 0,
		"strikeouts": 7,
		"strikeoutToWalkRatio": 1.4,
		"strikeoutsPerNine": 2.25,
		"strikeoutRate": 0.06422018348623854,
		"team": null,
		"teamName": null,
		"walksAndHitsPerInningPitched": 1.0714285714285714,
		"walkRate": 0.045871559633027525,
		"winningPercentage": 0.6666666666666666,
		"wins": 2
	},
	"careerSeason": {
		"appearances": 32,
		"battersFaced": 1204,
		"basesOnBalls": 82,
		"basesOnBallsPerNine": 2.476510067114094,
		"earnedRuns": 157,
		"earnedRunAverage": 4.741610738255034,
		"flyouts": 139,
		"groundouts": 409,
		"hitsAllowed": 324,
		"hitsAllowedPerNine": 9.78523489932886,
		"homeRuns": 40,
		"homeRunsPerNine": 1.2080536912751678,
		"inningsPitched": 298,
		"losses": 17,
		"numberOfPitches": 0,
		"qualityStarts": 11,
		"shutouts": 3,
		"strikeouts": 182,
		"strikeoutToWalkRatio": 2.2195121951219514,
		"strikeoutsPerNine": 5.496644295302014,
		"strikeoutRate": 0.1511627906976744,
		"team": null,
		"teamName": null,
		"walksAndHitsPerInningPitched": 1.3624161073825503,
		"walkRate": 0.0681063122923588,
		"winningPercentage": 0.46875,
		"wins": 15
	},
	"id": "afc90398-b891-4cdf-9dea-af8a3a79d793",
	"name": "Yazmin Mason",
	"seasons": {
		"1": {
			"appearances": 12,
			"battersFaced": 468,
			"basesOnBalls": 31,
			"basesOnBallsPerNine": 2.447368421052632,
			"earnedRuns": 67,
			"earnedRunAverage": 5.2894736842105265,
			"flyouts": 54,
			"groundouts": 166,
			"hitsAllowed": 130,
			"hitsAllowedPerNine": 10.263157894736842,
			"homeRuns": 17,
			"homeRunsPerNine": 1.3421052631578947,
			"inningsPitched": 114,
			"losses": 9,
			"numberOfPitches": 0,
			"qualityStarts": 6,
			"shutouts": 1,
			"strikeouts": 64,
			"strikeoutToWalkRatio": 2.064516129032258,
			"strikeoutsPerNine": 5.052631578947368,
			"strikeoutRate": 0.13675213675213677,
			"team": "747b8e4a-7e50-4638-a973-ea7950a3e739",
			"teamName": "Hades Tigers",
			"walksAndHitsPerInningPitched": 1.412280701754386,
			"walkRate": 0.06623931623931624,
			"winningPercentage": 0.25,
			"wins": 3
		},
		"2": {
			"appearances": 20,
			"battersFaced": 736,
			"basesOnBalls": 51,
			"basesOnBallsPerNine": 2.4945652173913047,
			"earnedRuns": 90,
			"earnedRunAverage": 4.4021739130434785,
			"flyouts": 85,
			"groundouts": 243,
			"hitsAllowed": 194,
			"hitsAllowedPerNine": 9.48913043478261,
			"homeRuns": 23,
			"homeRunsPerNine": 1.125,
			"inningsPitched": 184,
			"losses": 8,
			"numberOfPitches": 0,
			"qualityStarts": 5,
			"shutouts": 2,
			"strikeouts": 118,
			"strikeoutToWalkRatio": 2.3137254901960786,
			"strikeoutsPerNine": 5.771739130434782,
			"strikeoutRate": 0.16032608695652173,
			"team": "747b8e4a-7e50-4638-a973-ea7950a3e739",
			"teamName": "Hades Tigers",
			"walksAndHitsPerInningPitched": 1.3315217391304348,
			"walkRate": 0.06929347826086957,
			"winningPercentage": 0.6,
			"wins": 12
		}
	},
	"postseasons": {
		"1": {
			"appearances": 1,
			"battersFaced": 34,
			"basesOnBalls": 3,
			"basesOnBallsPerNine": 3,
			"earnedRuns": 4,
			"earnedRunAverage": 4,
			"flyouts": 3,
			"groundouts": 21,
			"hitsAllowed": 4,
			"hitsAllowedPerNine": 4,
			"homeRuns": 1,
			"homeRunsPerNine": 1,
			"inningsPitched": 9,
			"losses": 0,
			"numberOfPitches": 0,
			"qualityStarts": 0,
			"shutouts": 0,
			"strikeouts": 3,
			"strikeoutToWalkRatio": 1,
			"strikeoutsPerNine": 3,
			"strikeoutRate": 0.08823529411764706,
			"team": "747b8e4a-7e50-4638-a973-ea7950a3e739",
			"teamName": "Hades Tigers",
			"walksAndHitsPerInningPitched": 0.7777777777777778,
			"walkRate": 0.08823529411764706,
			"winningPercentage": 1,
			"wins": 1
		},
		"2": {
			"appearances": 2,
			"battersFaced": 75,
			"basesOnBalls": 2,
			"basesOnBallsPerNine": 0.9473684210526315,
			"earnedRuns": 16,
			"earnedRunAverage": 7.578947368421052,
			"flyouts": 13,
			"groundouts": 34,
			"hitsAllowed": 21,
			"hitsAllowedPerNine": 9.947368421052632,
			"homeRuns": 4,
			"homeRunsPerNine": 1.894736842105263,
			"inningsPitched": 19,
			"losses": 1,
			"numberOfPitches": 0,
			"qualityStarts": 0,
			"shutouts": 0,
			"strikeouts": 4,
			"strikeoutToWalkRatio": 2,
			"strikeoutsPerNine": 1.894736842105263,
			"strikeoutRate": 0.05333333333333334,
			"team": "747b8e4a-7e50-4638-a973-ea7950a3e739",
			"teamName": "Hades Tigers",
			"walksAndHitsPerInningPitched": 1.2105263157894737,
			"walkRate": 0.02666666666666667,
			"winningPercentage": 0.5,
			"wins": 1
		}
	}
}
