{
	"careerPostseason": {
		"appearances": 4,
		"battersFaced": 145,
		"basesOnBalls": 10,
		"basesOnBallsPerNine": 2.571428571428571,
		"earnedRuns": 30,
		"earnedRunAverage": 7.714285714285714,
		"flyouts": 22,
		"groundouts": 65,
		"hitsAllowed": 37,
		"hitsAllowedPerNine": 9.514285714285714,
		"homeRuns": 7,
		"homeRunsPerNine": 1.8,
		"inningsPitched": 35,
		"losses": 2,
		"numberOfPitches": 0,
		"qualityStarts": 0,
		"shutouts": 0,
		"strikeouts": 8,
		"strikeoutToWalkRatio": 0.8,
		"strikeoutsPerNine": 2.057142857142857,
		"strikeoutRate": 0.05517241379310345,
		"team": null,
		"teamName": null,
		"walksAndHitsPerInningPitched": 1.3428571428571427,
		"walkRate": 0.06896551724137931,
		"winningPercentage": 0.5,
		"wins": 2
	},
	"careerSeason": {
		"appearances": 32,
		"battersFaced": 1204,
		"basesOnBalls": 82,
		"basesOnBallsPerNine": 2.476510067114094,
		"earnedRuns": 160,
		"earnedRunAverage": 4.832214765100671,
		"flyouts": 139,
		"groundouts": 409,
		"hitsAllowed": 324,
		"hitsAllowedPerNine": 9.78523489932886,
		"homeRuns": 40,
		"homeRunsPerNine": 1.2080536912751678,
		"inningsPitched": 298,
		"losses": 17,
		"numberOfPitches": 0,
		"qualityStarts": 11,
		"shutouts": 3,
		"strikeouts": 182,
		"strikeoutToWalkRatio": 2.2195121951219514,
		"strikeoutsPerNine": 5.496644295302014,
		"strikeoutRate": 0.1511627906976744,
		"team": null,
		"teamName": null,
		"walksAndHitsPerInningPitched": 1.3624161073825503,
		"walkRate": 0.0681063122923588,
		"winningPercentage": 0.46875,
		"wins": 15
	},
	"id": "afc90398-b891-4cdf-9dea-af8a3a79d793",
	"name": "Yazmin Mason",
	"seasons": {
		"1": {
			"appearances": 12,
			"battersFaced": 468,
			"basesOnBalls": 31,
			"basesOnBallsPerNine": 2.447368421052632,
			"earnedRuns": 68,
			"earnedRunAverage": 5.368421052631579,
			"flyouts": 54,
			"groundouts": 166,
			"hitsAllowed": 130,
			"hitsAllowedPerNine": 10.263157894736842,
			"homeRuns": 17,
			"homeRunsPerNine": 1.3421052631578947,
			"inningsPitched": 114,
			"losses": 9,
			"numberOfPitches": 0,
			"qualityStarts": 6,
			"shutouts": 1,
			"strikeouts": 64,
			"strikeoutToWalkRatio": 2.064516129032258,
			"strikeoutsPerNine": 5.052631578947368,
			"strikeoutRate": 0.13675213675213677,
			"team": "747b8e4a-7e50-4638-a973-ea7950a3e739",
			"teamName": "Hades Tigers",
			"walksAndHitsPerInningPitched": 1.412280701754386,
			"walkRate": 0.06623931623931624,
			"winningPercentage": 0.25,
			"wins": 3
		},
		"2": {
			"appearances": 20,
			"battersFaced": 736,
			"basesOnBalls": 51,
			"basesOnBallsPerNine": 2.4945652173913047,
			"earnedRuns": 92,
			"earnedRunAverage": 4.5,
			"flyouts": 85,
			"groundouts": 243,
			"hitsAllowed": 194,
			"hitsAllowedPerNine": 9.48913043478261,
			"homeRuns": 23,
			"homeRunsPerNine": 1.125,
			"inningsPitched": 184,
			"losses": 8,
			"numberOfPitches": 0,
			"qualityStarts": 5,
			"shutouts": 2,
			"strikeouts": 118,
			"strikeoutToWalkRatio": 2.3137254901960786,
			"strikeoutsPerNine": 5.771739130434782,
			"strikeoutRate": 0.16032608695652173,
			"team": "747b8e4a-7e50-4638-a973-ea7950a3e739",
			"teamName": "Hades Tigers",
			"walksAndHitsPerInningPitched": 1.3315217391304348,
			"walkRate": 0.06929347826086957,
			"winningPercentage": 0.6,
			"wins": 12
		}
	},
	"postseasons": {
		"1": {
			"appearances": 1,
			"battersFaced": 34,
			"basesOnBalls": 3,
			"basesOnBallsPerNine": 3,
			"earnedRuns": 4,
			"earnedRunAverage": 4,
			"flyouts": 3,
			"groundouts": 21,
			"hitsAllowed": 4,
			"hitsAllowedPerNine": 4,
			"homeRuns": 1,
			"homeRunsPerNine": 1,
			"inningsPitched": 9,
			"losses": 0,
			"numberOfPitches": 0,
			"qualityStarts": 0,
			"shutouts": 0,
			"strikeouts": 3,
			"strikeoutToWalkRatio": 1,
			"strikeoutsPerNine": 3,
			"strikeoutRate": 0.08823529411764706,
			"team": "747b8e4a-7e50-4638-a973-ea7950a3e739",
			"teamName": "Hades Tigers",
			"walksAndHitsPerInningPitched": 0.7777777777777778,
			"walkRate": 0.08823529411764706,
			"winningPercentage": 1,
			"wins": 1
		},
		"2": {
			"appearances": 3,
			"battersFaced": 111,
			"basesOnBalls": 7,
			"basesOnBallsPerNine": 2.423076923076923,
			"earnedRuns": 26,
			"earnedRunAverage": 9,
			"flyouts": 19,
			"groundouts": 44,
			"hitsAllowed": 33,
			"hitsAllowedPerNine": 11.423076923076923,
			"homeRuns": 6,
			"homeRunsPerNine": 2.076923076923077,
			"inningsPitched": 26,
			"losses": 2,
			"numberOfPitches": 0,
			"qualityStarts": 0,
			"shutouts": 0,
			"strikeouts": 5,
			"strikeoutToWalkRatio": 0.7142857142857143,
			"strikeoutsPerNine": 1.7307692307692308,
			"strikeoutRate": 0.04504504504504504,
			"team": "747b8e4a-7e50-4638-a973-ea7950a3e739",
			"teamName": "Hades Tigers",
			"walksAndHitsPerInningPitched": 1.5384615384615385,
			"walkRate": 0.06306306306306306,
			"winningPercentage": 0.3333333333333333,
			"wins": 1
		}
	},
	"slug": "yazmin-mason"
}
