{
	"careerPostseason": {
		"appearances": 4,
		"battersFaced": 149,
		"basesOnBalls": 16,
		"basesOnBallsPerNine": 3.789473684210526,
		"earnedRuns": 19,
		"earnedRunAverage": 4.5,
		"flyouts": 22,
		"groundouts": 51,
		"hitsAllowed": 35,
		"hitsAllowedPerNine": 8.289473684210526,
		"homeRuns": 6,
		"homeRunsPerNine": 1.4210526315789473,
		"inningsPitched": 38,
		"losses": 2,
		"numberOfPitches": 0,
		"qualityStarts": 0,
		"shutouts": 0,
		"strikeouts": 10,
		"strikeoutToWalkRatio": 0.625,
		"strikeoutsPerNine": 2.3684210526315788,
		"strikeoutRate": 0.06711409395973154,
		"team": null,
		"teamName": null,
		"walksAndHitsPerInningPitched": 1.3421052631578947,
		"walkRate": 0.10738255033557047,
		"winningPercentage": 0.5,
		"wins": 2
	},
	"careerSeason": {
		"appearances": 32,
		"battersFaced": 1143,
		"basesOnBalls": 115,
		"basesOnBallsPerNine": 3.4731543624161074,
		"earnedRuns": 122,
		"earnedRunAverage": 3.684563758389262,
		"flyouts": 171,
		"groundouts": 431,
		"hitsAllowed": 254,
		"hitsAllowedPerNine": 7.671140939597315,
		"homeRuns": 40,
		"homeRunsPerNine": 1.2080536912751678,
		"inningsPitched": 298,
		"losses": 10,
		"numberOfPitches": 0,
		"qualityStarts": 14,
		"shutouts": 3,
		"strikeouts": 119,
		"strikeoutToWalkRatio": 1.0347826086956522,
		"strikeoutsPerNine": 3.593959731543624,
		"strikeoutRate": 0.10411198600174978,
		"team": null,
		"teamName": null,
		"walksAndHitsPerInningPitched": 1.238255033557047,
		"walkRate": 0.10061242344706911,
		"winningPercentage": 0.6875,
		"wins": 22
	},
	"id": "9786b2c9-1205-4718-b0f7-fc000ce91106",
	"name": "Kevin Dudley",
	"seasons": {
		"1": {
			"appearances": 12,
			"battersFaced": 430,
			"basesOnBalls": 35,
			"basesOnBallsPerNine": 2.763157894736842,
			"earnedRuns": 45,
			"earnedRunAverage": 3.5526315789473686,
			"flyouts": 74,
			"groundouts": 151,
			"hitsAllowed": 100,
			"hitsAllowedPerNine": 7.894736842105263,
			"homeRuns": 13,
			"homeRunsPerNine": 1.026315789473684,
			"inningsPitched": 114,
			"losses": 2,
			"numberOfPitches": 0,
			"qualityStarts": 4,
			"shutouts": 3,
			"strikeouts": 59,
			"strikeoutToWalkRatio": 1.6857142857142857,
			"strikeoutsPerNine": 4.657894736842106,
			"strikeoutRate": 0.1372093023255814,
			"team": "23e4cbc1-e9cd-47fa-a35b-bfa06f726cb7",
			"teamName": "Philly Pies",
			"walksAndHitsPerInningPitched": 1.1842105263157894,
			"walkRate": 0.08139534883720931,
			"winningPercentage": 0.8333333333333334,
			"wins": 10
		},
		"2": {
			"appearances": 20,
			"battersFaced": 713,
			"basesOnBalls": 80,
			"basesOnBallsPerNine": 3.9130434782608696,
			"earnedRuns": 77,
			"earnedRunAverage": 3.766304347826087,
			"flyouts": 97,
			"groundouts": 280,
			"hitsAllowed": 154,
			"hitsAllowedPerNine": 7.532608695652175,
			"homeRuns": 27,
			"homeRunsPerNine": 1.3206521739130437,
			"inningsPitched": 184,
			"losses": 8,
			"numberOfPitches": 0,
			"qualityStarts": 10,
			"shutouts": 0,
			"strikeouts": 60,
			"strikeoutToWalkRatio": 0.75,
			"strikeoutsPerNine": 2.9347826086956523,
			"strikeoutRate": 0.08415147265077139,
			"team": "23e4cbc1-e9cd-47fa-a35b-bfa06f726cb7",
			"teamName": "Philly Pies",
			"walksAndHitsPerInningPitched": 1.2717391304347827,
			"walkRate": 0.11220196353436185,
			"winningPercentage": 0.6,
			"wins": 12
		}
	},
	"postseasons": {
		"1": {
			"appearances": 2,
			"battersFaced": 71,
			"basesOnBalls": 10,
			"basesOnBallsPerNine": 5,
			"earnedRuns": 6,
			"earnedRunAverage": 3,
			"flyouts": 9,
			"groundouts": 24,
			"hitsAllowed": 15,
			"hitsAllowedPerNine": 7.5,
			"homeRuns": 3,
			"homeRunsPerNine": 1.5,
			"inningsPitched": 18,
			"losses": 0,
			"numberOfPitches": 0,
			"qualityStarts": 0,
			"shutouts": 0,
			"strikeouts": 4,
			"strikeoutToWalkRatio": 0.4,
			"strikeoutsPerNine": 2,
			"strikeoutRate": 0.056338028169014086,
			"team": "23e4cbc1-e9cd-47fa-a35b-bfa06f726cb7",
			"teamName": "Philly Pies",
			"walksAndHitsPerInningPitched": 1.3888888888888888,
			"walkRate": 0.14084507042253522,
			"winningPercentage": 1,
			"wins": 2
		},
		"2": {
			"appearances": 2,
			"battersFaced": 78,
			"basesOnBalls": 6,
			"basesOnBallsPerNine": 2.6999999999999997,
			"earnedRuns": 13,
			"earnedRunAverage": 5.85,
			"flyouts": 13,
			"groundouts": 27,
			"hitsAllowed": 20,
			"hitsAllowedPerNine": 9,
			"homeRuns": 3,
			"homeRunsPerNine": 1.3499999999999999,
			"inningsPitched": 20,
			"losses": 2,
			"numberOfPitches": 0,
			"qualityStarts": 0,
			"shutouts": 0,
			"strikeouts": 6,
			"strikeoutToWalkRatio": 1,
			"strikeoutsPerNine": 2.6999999999999997,
			"strikeoutRate": 0.07692307692307693,
			"team": "23e4cbc1-e9cd-47fa-a35b-bfa06f726cb7",
			"teamName": "Philly Pies",
			"walksAndHitsPerInningPitched": 1.3,
			"walkRate": 0.07692307692307693,
			"winningPercentage": 0,
			"wins": 0
		}
	},
	"slug": "kevin-dudley"
}
