{
	"careerPostseason": {
		"appearances": 2,
		"battersFaced": 75,
		"basesOnBalls": 0,
		"basesOnBallsPerNine": 0,
		"earnedRuns": 15,
		"earnedRunAverage": 7.105263157894737,
		"flyouts": 9,
		"groundouts": 24,
		"hitsAllowed": 22,
		"hitsAllowedPerNine": 10.421052631578949,
		"homeRuns": 3,
		"homeRunsPerNine": 1.4210526315789473,
		"inningsPitched": 19,
		"losses": 1,
		"numberOfPitches": 0,
		"qualityStarts": 2,
		"shutouts": 0,
		"strikeouts": 14,
		"strikeoutToWalkRatio": 0,
		"strikeoutsPerNine": 6.63157894736842,
		"strikeoutRate": 0.18666666666666668,
		"team": null,
		"teamName": null,
		"walksAndHitsPerInningPitched": 1.1578947368421053,
		"walkRate": 0,
		"winningPercentage": 0.5,
		"wins": 1
	},
	"careerSeason": {
		"appearances": 33,
		"battersFaced": 1088,
		"basesOnBalls": 9,
		"basesOnBallsPerNine": 0.25961538461538464,
		"earnedRuns": 91,
		"earnedRunAverage": 2.625,
		"flyouts": 168,
		"groundouts": 402,
		"hitsAllowed": 256,
		"hitsAllowedPerNine": 7.384615384615384,
		"homeRuns": 22,
		"homeRunsPerNine": 0.6346153846153846,
		"inningsPitched": 312,
		"losses": 10,
		"numberOfPitches": 0,
		"qualityStarts": 16,
		"shutouts": 6,
		"strikeouts": 212,
		"strikeoutToWalkRatio": 23.555555555555557,
		"strikeoutsPerNine": 6.115384615384616,
		"strikeoutRate": 0.1948529411764706,
		"team": null,
		"teamName": null,
		"walksAndHitsPerInningPitched": 0.8493589743589743,
		"walkRate": 0.008272058823529412,
		"winningPercentage": 0.696969696969697,
		"wins": 23
	},
	"id": "03f920cc-411f-44ef-ae66-98a44e883291",
	"name": "Cornelius Games",
	"seasons": {
		"1": {
			"appearances": 13,
			"battersFaced": 441,
			"basesOnBalls": 3,
			"basesOnBallsPerNine": 0.22131147540983606,
			"earnedRuns": 43,
			"earnedRunAverage": 3.1721311475409837,
			"flyouts": 68,
			"groundouts": 154,
			"hitsAllowed": 101,
			"hitsAllowedPerNine": 7.450819672131148,
			"homeRuns": 10,
			"homeRunsPerNine": 0.7377049180327868,
			"inningsPitched": 122,
			"losses": 7,
			"numberOfPitches": 0,
			"qualityStarts": 9,
			"shutouts": 2,
			"strikeouts": 99,
			"strikeoutToWalkRatio": 33,
			"strikeoutsPerNine": 7.30327868852459,
			"strikeoutRate": 0.22448979591836735,
			"team": "bfd38797-8404-4b38-8b82-341da28b1f83",
			"teamName": "Charleston Shoe Thieves",
			"walksAndHitsPerInningPitched": 0.8524590163934426,
			"walkRate": 0.006802721088435374,
			"winningPercentage": 0.46153846153846156,
			"wins": 6
		},
		"2": {
			"appearances": 20,
			"battersFaced": 647,
			"basesOnBalls": 6,
			"basesOnBallsPerNine": 0.28421052631578947,
			"earnedRuns": 48,
			"earnedRunAverage": 2.2736842105263158,
			"flyouts": 100,
			"groundouts": 248,
			"hitsAllowed": 155,
			"hitsAllowedPerNine": 7.342105263157895,
			"homeRuns": 12,
			"homeRunsPerNine": 0.5684210526315789,
			"inningsPitched": 190,
			"losses": 3,
			"numberOfPitches": 0,
			"qualityStarts": 7,
			"shutouts": 4,
			"strikeouts": 113,
			"strikeoutToWalkRatio": 18.833333333333332,
			"strikeoutsPerNine": 5.352631578947368,
			"strikeoutRate": 0.17465224111282843,
			"team": "bfd38797-8404-4b38-8b82-341da28b1f83",
			"teamName": "Charleston Shoe Thieves",
			"walksAndHitsPerInningPitched": 0.8473684210526315,
			"walkRate": 0.00927357032457496,
			"winningPercentage": 0.85,
			"wins": 17
		}
	},
	"postseasons": {
		"1": {
			"appearances": 2,
			"battersFaced": 75,
			"basesOnBalls": 0,
			"basesOnBallsPerNine": 0,
			"earnedRuns": 15,
			"earnedRunAverage": 7.105263157894737,
			"flyouts": 9,
			"groundouts": 24,
			"hitsAllowed": 22,
			"hitsAllowedPerNine": 10.421052631578949,
			"homeRuns": 3,
			"homeRunsPerNine": 1.4210526315789473,
			"inningsPitched": 19,
			"losses": 1,
			"numberOfPitches": 0,
			"qualityStarts": 2,
			"shutouts": 0,
			"strikeouts": 14,
			"strikeoutToWalkRatio": 0,
			"strikeoutsPerNine": 6.63157894736842,
			"strikeoutRate": 0.18666666666666668,
			"team": "bfd38797-8404-4b38-8b82-341da28b1f83",
			"teamName": "Charleston Shoe Thieves",
			"walksAndHitsPerInningPitched": 1.1578947368421053,
			"walkRate": 0,
			"winningPercentage": 0.5,
			"wins": 1
		}
	}
}
