{
	"careerPostseason": {
		"appearances": 1,
		"battersFaced": 34,
		"basesOnBalls": 2,
		"basesOnBallsPerNine": 3,
		"earnedRuns": 5,
		"earnedRunAverage": 7.5,
		"flyouts": 6,
		"groundouts": 7,
		"hitsAllowed": 12,
		"hitsAllowedPerNine": 18,
		"homeRuns": 1,
		"homeRunsPerNine": 1.5,
		"inningsPitched": 6,
		"losses": 1,
		"numberOfPitches": 0,
		"qualityStarts": 0,
		"shutouts": 0,
		"strikeouts": 3,
		"strikeoutToWalkRatio": 1.5,
		"strikeoutsPerNine": 4.5,
		"strikeoutRate": 0.08823529411764706,
		"team": null,
		"teamName": null,
		"walksAndHitsPerInningPitched": 2.3333333333333335,
		"walkRate": 0.058823529411764705,
		"winningPercentage": 0,
		"wins": 0
	},
	"careerSeason": {
		"appearances": 33,
		"battersFaced": 1266,
		"basesOnBalls": 201,
		"basesOnBallsPerNine": 6.325174825174825,
		"earnedRuns": 186,
		"earnedRunAverage": 5.853146853146853,
		"flyouts": 159,
		"groundouts": 391,
		"hitsAllowed": 303,
		"hitsAllowedPerNine": 9.534965034965035,
		"homeRuns": 35,
		"homeRunsPerNine": 1.1013986013986015,
		"inningsPitched": 286,
		"losses": 26,
		"numberOfPitches": 0,
		"qualityStarts": 15,
		"shutouts": 1,
		"strikeouts": 104,
		"strikeoutToWalkRatio": 0.5174129353233831,
		"strikeoutsPerNine": 3.272727272727273,
		"strikeoutRate": 0.08214849921011058,
		"team": null,
		"teamName": null,
		"walksAndHitsPerInningPitched": 1.7622377622377623,
		"walkRate": 0.15876777251184834,
		"winningPercentage": 0.21212121212121213,
		"wins": 7
	},
	"id": "d8742d68-8fce-4d52-9a49-f4e33bd2a6fc",
	"name": "Ortiz Morse",
	"seasons": {
		"1": {
			"appearances": 13,
			"battersFaced": 520,
			"basesOnBalls": 77,
			"basesOnBallsPerNine": 5.974137931034483,
			"earnedRuns": 67,
			"earnedRunAverage": 5.198275862068965,
			"flyouts": 61,
			"groundouts": 166,
			"hitsAllowed": 123,
			"hitsAllowedPerNine": 9.543103448275861,
			"homeRuns": 15,
			"homeRunsPerNine": 1.163793103448276,
			"inningsPitched": 116,
			"losses": 11,
			"numberOfPitches": 0,
			"qualityStarts": 6,
			"shutouts": 0,
			"strikeouts": 42,
			"strikeoutToWalkRatio": 0.5454545454545454,
			"strikeoutsPerNine": 3.2586206896551726,
			"strikeoutRate": 0.08076923076923077,
			"team": "eb67ae5e-c4bf-46ca-bbbc-425cd34182ff",
			"teamName": "Canada Moist Talkers",
			"walksAndHitsPerInningPitched": 1.7241379310344827,
			"walkRate": 0.14807692307692308,
			"winningPercentage": 0.15384615384615385,
			"wins": 2
		},
		"2": {
			"appearances": 20,
			"battersFaced": 746,
			"basesOnBalls": 124,
			"basesOnBallsPerNine": 6.564705882352941,
			"earnedRuns": 119,
			"earnedRunAverage": 6.3,
			"flyouts": 98,
			"groundouts": 225,
			"hitsAllowed": 180,
			"hitsAllowedPerNine": 9.529411764705882,
			"homeRuns": 20,
			"homeRunsPerNine": 1.0588235294117647,
			"inningsPitched": 170,
			"losses": 15,
			"numberOfPitches": 0,
			"qualityStarts": 9,
			"shutouts": 1,
			"strikeouts": 62,
			"strikeoutToWalkRatio": 0.5,
			"strikeoutsPerNine": 3.2823529411764705,
			"strikeoutRate": 0.08310991957104558,
			"team": "eb67ae5e-c4bf-46ca-bbbc-425cd34182ff",
			"teamName": "Canada Moist Talkers",
			"walksAndHitsPerInningPitched": 1.7882352941176471,
			"walkRate": 0.16621983914209115,
			"winningPercentage": 0.25,
			"wins": 5
		}
	},
	"postseasons": {
		"2": {
			"appearances": 1,
			"battersFaced": 34,
			"basesOnBalls": 2,
			"basesOnBallsPerNine": 3,
			"earnedRuns": 5,
			"earnedRunAverage": 7.5,
			"flyouts": 6,
			"groundouts": 7,
			"hitsAllowed": 12,
			"hitsAllowedPerNine": 18,
			"homeRuns": 1,
			"homeRunsPerNine": 1.5,
			"inningsPitched": 6,
			"losses": 1,
			"numberOfPitches": 0,
			"qualityStarts": 0,
			"shutouts": 0,
			"strikeouts": 3,
			"strikeoutToWalkRatio": 1.5,
			"strikeoutsPerNine": 4.5,
			"strikeoutRate": 0.08823529411764706,
			"team": "eb67ae5e-c4bf-46ca-bbbc-425cd34182ff",
			"teamName": "Canada Moist Talkers",
			"walksAndHitsPerInningPitched": 2.3333333333333335,
			"walkRate": 0.058823529411764705,
			"winningPercentage": 0,
			"wins": 0
		}
	},
	"slug": "ortiz-morse"
}
