{
	"careerPostseason": {
		"appearances": 2,
		"battersFaced": 85,
		"basesOnBalls": 13,
		"basesOnBallsPerNine": 5.08695652173913,
		"earnedRuns": 5,
		"earnedRunAverage": 1.9565217391304348,
		"flyouts": 16,
		"groundouts": 32,
		"hitsAllowed": 19,
		"hitsAllowedPerNine": 7.434782608695652,
		"homeRuns": 2,
		"homeRunsPerNine": 0.7826086956521738,
		"inningsPitched": 23,
		"losses": 1,
		"numberOfPitches": 0,
		"qualityStarts": 1,
		"shutouts": 0,
		"strikeouts": 6,
		"strikeoutToWalkRatio": 0.46153846153846156,
		"strikeoutsPerNine": 2.3478260869565215,
		"strikeoutRate": 0.07058823529411765,
		"team": null,
		"teamName": null,
		"walksAndHitsPerInningPitched": 1.391304347826087,
		"walkRate": 0.15294117647058825,
		"winningPercentage": 0.5,
		"wins": 1
	},
	"careerSeason": {
		"appearances": 19,
		"battersFaced": 769,
		"basesOnBalls": 111,
		"basesOnBallsPerNine": 5.6440677966101696,
		"earnedRuns": 116,
		"earnedRunAverage": 5.898305084745763,
		"flyouts": 112,
		"groundouts": 231,
		"hitsAllowed": 203,
		"hitsAllowedPerNine": 10.322033898305085,
		"homeRuns": 7,
		"homeRunsPerNine": 0.35593220338983056,
		"inningsPitched": 177,
		"losses": 8,
		"numberOfPitches": 0,
		"qualityStarts": 3,
		"shutouts": 1,
		"strikeouts": 66,
		"strikeoutToWalkRatio": 0.5945945945945946,
		"strikeoutsPerNine": 3.3559322033898304,
		"strikeoutRate": 0.0858257477243173,
		"team": null,
		"teamName": null,
		"walksAndHitsPerInningPitched": 1.7740112994350283,
		"walkRate": 0.14434330299089726,
		"winningPercentage": 0.5789473684210527,
		"wins": 11
	},
	"id": "f2c477fb-28ea-4fcb-943a-9fab22df3da0",
	"name": "Sandford Garner",
	"seasons": {
		"2": {
			"appearances": 19,
			"battersFaced": 769,
			"basesOnBalls": 111,
			"basesOnBallsPerNine": 5.6440677966101696,
			"earnedRuns": 116,
			"earnedRunAverage": 5.898305084745763,
			"flyouts": 112,
			"groundouts": 231,
			"hitsAllowed": 203,
			"hitsAllowedPerNine": 10.322033898305085,
			"homeRuns": 7,
			"homeRunsPerNine": 0.35593220338983056,
			"inningsPitched": 177,
			"losses": 8,
			"numberOfPitches": 0,
			"qualityStarts": 3,
			"shutouts": 1,
			"strikeouts": 66,
			"strikeoutToWalkRatio": 0.5945945945945946,
			"strikeoutsPerNine": 3.3559322033898304,
			"strikeoutRate": 0.0858257477243173,
			"team": "b72f3061-f573-40d7-832a-5ad475bd7909",
			"teamName": "San Francisco Lovers",
			"walksAndHitsPerInningPitched": 1.7740112994350283,
			"walkRate": 0.14434330299089726,
			"winningPercentage": 0.5789473684210527,
			"wins": 11
		}
	},
	"postseasons": {
		"2": {
			"appearances": 2,
			"battersFaced": 85,
			"basesOnBalls": 13,
			"basesOnBallsPerNine": 5.08695652173913,
			"earnedRuns": 5,
			"earnedRunAverage": 1.9565217391304348,
			"flyouts": 16,
			"groundouts": 32,
			"hitsAllowed": 19,
			"hitsAllowedPerNine": 7.434782608695652,
			"homeRuns": 2,
			"homeRunsPerNine": 0.7826086956521738,
			"inningsPitched": 23,
			"losses": 1,
			"numberOfPitches": 0,
			"qualityStarts": 1,
			"shutouts": 0,
			"strikeouts": 6,
			"strikeoutToWalkRatio": 0.46153846153846156,
			"strikeoutsPerNine": 2.3478260869565215,
			"strikeoutRate": 0.07058823529411765,
			"team": "b72f3061-f573-40d7-832a-5ad475bd7909",
			"teamName": "San Francisco Lovers",
			"walksAndHitsPerInningPitched": 1.391304347826087,
			"walkRate": 0.15294117647058825,
			"winningPercentage": 0.5,
			"wins": 1
		}
	}
}
