{
	"careerPostseason": {
		"appearances": 2,
		"battersFaced": 73,
		"basesOnBalls": 9,
		"basesOnBallsPerNine": 4.764705882352941,
		"earnedRuns": 11,
		"earnedRunAverage": 5.823529411764706,
		"flyouts": 17,
		"groundouts": 24,
		"hitsAllowed": 19,
		"hitsAllowedPerNine": 10.058823529411764,
		"homeRuns": 0,
		"homeRunsPerNine": 0,
		"inningsPitched": 17,
		"losses": 1,
		"numberOfPitches": 0,
		"qualityStarts": 0,
		"shutouts": 0,
		"strikeouts": 6,
		"strikeoutToWalkRatio": 0.6666666666666666,
		"strikeoutsPerNine": 3.1764705882352944,
		"strikeoutRate": 0.0821917808219178,
		"team": null,
		"teamName": null,
		"walksAndHitsPerInningPitched": 1.6470588235294117,
		"walkRate": 0.1232876712328767,
		"winningPercentage": 0.5,
		"wins": 1
	},
	"careerSeason": {
		"appearances": 33,
		"battersFaced": 1181,
		"basesOnBalls": 139,
		"basesOnBallsPerNine": 4.009615384615385,
		"earnedRuns": 112,
		"earnedRunAverage": 3.230769230769231,
		"flyouts": 165,
		"groundouts": 458,
		"hitsAllowed": 226,
		"hitsAllowedPerNine": 6.519230769230769,
		"homeRuns": 31,
		"homeRunsPerNine": 0.8942307692307692,
		"inningsPitched": 312,
		"losses": 12,
		"numberOfPitches": 0,
		"qualityStarts": 20,
		"shutouts": 4,
		"strikeouts": 114,
		"strikeoutToWalkRatio": 0.8201438848920863,
		"strikeoutsPerNine": 3.2884615384615383,
		"strikeoutRate": 0.09652836579170194,
		"team": null,
		"teamName": null,
		"walksAndHitsPerInningPitched": 1.169871794871795,
		"walkRate": 0.11769686706181202,
		"winningPercentage": 0.6363636363636364,
		"wins": 21
	},
	"id": "b082ca6e-eb11-4eab-8d6a-30f8be522ec4",
	"name": "Nicholas Mora",
	"seasons": {
		"1": {
			"appearances": 13,
			"battersFaced": 447,
			"basesOnBalls": 52,
			"basesOnBallsPerNine": 3.9000000000000004,
			"earnedRuns": 42,
			"earnedRunAverage": 3.15,
			"flyouts": 66,
			"groundouts": 177,
			"hitsAllowed": 81,
			"hitsAllowedPerNine": 6.075,
			"homeRuns": 11,
			"homeRunsPerNine": 0.825,
			"inningsPitched": 120,
			"losses": 4,
			"numberOfPitches": 0,
			"qualityStarts": 6,
			"shutouts": 1,
			"strikeouts": 46,
			"strikeoutToWalkRatio": 0.8846153846153846,
			"strikeoutsPerNine": 3.45,
			"strikeoutRate": 0.1029082774049217,
			"team": "23e4cbc1-e9cd-47fa-a35b-bfa06f726cb7",
			"teamName": "Philly Pies",
			"walksAndHitsPerInningPitched": 1.1083333333333334,
			"walkRate": 0.116331096196868,
			"winningPercentage": 0.6923076923076923,
			"wins": 9
		},
		"2": {
			"appearances": 20,
			"battersFaced": 734,
			"basesOnBalls": 87,
			"basesOnBallsPerNine": 4.078125,
			"earnedRuns": 70,
			"earnedRunAverage": 3.28125,
			"flyouts": 99,
			"groundouts": 281,
			"hitsAllowed": 145,
			"hitsAllowedPerNine": 6.796875,
			"homeRuns": 20,
			"homeRunsPerNine": 0.9375,
			"inningsPitched": 192,
			"losses": 8,
			"numberOfPitches": 0,
			"qualityStarts": 14,
			"shutouts": 3,
			"strikeouts": 68,
			"strikeoutToWalkRatio": 0.7816091954022989,
			"strikeoutsPerNine": 3.1875,
			"strikeoutRate": 0.09264305177111716,
			"team": "23e4cbc1-e9cd-47fa-a35b-bfa06f726cb7",
			"teamName": "Philly Pies",
			"walksAndHitsPerInningPitched": 1.2083333333333333,
			"walkRate": 0.11852861035422343,
			"winningPercentage": 0.6,
			"wins": 12
		}
	},
	"postseasons": {
		"1": {
			"appearances": 1,
			"battersFaced": 38,
			"basesOnBalls": 9,
			"basesOnBallsPerNine": 10.125,
			"earnedRuns": 9,
			"earnedRunAverage": 10.125,
			"flyouts": 9,
			"groundouts": 10,
			"hitsAllowed": 9,
			"hitsAllowedPerNine": 10.125,
			"homeRuns": 0,
			"homeRunsPerNine": 0,
			"inningsPitched": 8,
			"losses": 1,
			"numberOfPitches": 0,
			"qualityStarts": 0,
			"shutouts": 0,
			"strikeouts": 3,
			"strikeoutToWalkRatio": 0.3333333333333333,
			"strikeoutsPerNine": 3.375,
			"strikeoutRate": 0.07894736842105263,
			"team": "23e4cbc1-e9cd-47fa-a35b-bfa06f726cb7",
			"teamName": "Philly Pies",
			"walksAndHitsPerInningPitched": 2.25,
			"walkRate": 0.23684210526315788,
			"winningPercentage": 0,
			"wins": 0
		},
		"2": {
			"appearances": 1,
			"battersFaced": 35,
			"basesOnBalls": 0,
			"basesOnBallsPerNine": 0,
			"earnedRuns": 2,
			"earnedRunAverage": 2,
			"flyouts": 8,
			"groundouts": 14,
			"hitsAllowed": 10,
			"hitsAllowedPerNine": 10,
			"homeRuns": 0,
			"homeRunsPerNine": 0,
			"inningsPitched": 9,
			"losses": 0,
			"numberOfPitches": 0,
			"qualityStarts": 0,
			"shutouts": 0,
			"strikeouts": 3,
			"strikeoutToWalkRatio": 0,
			"strikeoutsPerNine": 3,
			"strikeoutRate": 0.08571428571428572,
			"team": "23e4cbc1-e9cd-47fa-a35b-bfa06f726cb7",
			"teamName": "Philly Pies",
			"walksAndHitsPerInningPitched": 1.1111111111111112,
			"walkRate": 0,
			"winningPercentage": 1,
			"wins": 1
		}
	}
}
