{
	"careerPostseason": {
		"appearances": 2,
		"battersFaced": 82,
		"basesOnBalls": 9,
		"basesOnBallsPerNine": 4.263157894736842,
		"earnedRuns": 14,
		"earnedRunAverage": 6.631578947368421,
		"flyouts": 18,
		"groundouts": 24,
		"hitsAllowed": 23,
		"hitsAllowedPerNine": 10.894736842105264,
		"homeRuns": 2,
		"homeRunsPerNine": 0.9473684210526315,
		"inningsPitched": 19,
		"losses": 1,
		"numberOfPitches": 0,
		"qualityStarts": 0,
		"shutouts": 0,
		"strikeouts": 5,
		"strikeoutToWalkRatio": 0.5555555555555556,
		"strikeoutsPerNine": 2.3684210526315788,
		"strikeoutRate": 0.06097560975609756,
		"team": null,
		"teamName": null,
		"walksAndHitsPerInningPitched": 1.6842105263157894,
		"walkRate": 0.10975609756097561,
		"winningPercentage": 0.5,
		"wins": 1
	},
	"careerSeason": {
		"appearances": 32,
		"battersFaced": 1271,
		"basesOnBalls": 122,
		"basesOnBallsPerNine": 3.6357615894039736,
		"earnedRuns": 184,
		"earnedRunAverage": 5.483443708609271,
		"flyouts": 170,
		"groundouts": 440,
		"hitsAllowed": 338,
		"hitsAllowedPerNine": 10.072847682119205,
		"homeRuns": 32,
		"homeRunsPerNine": 0.9536423841059603,
		"inningsPitched": 302,
		"losses": 17,
		"numberOfPitches": 0,
		"qualityStarts": 13,
		"shutouts": 2,
		"strikeouts": 131,
		"strikeoutToWalkRatio": 1.0737704918032787,
		"strikeoutsPerNine": 3.903973509933775,
		"strikeoutRate": 0.10306845003933911,
		"team": null,
		"teamName": null,
		"walksAndHitsPerInningPitched": 1.5231788079470199,
		"walkRate": 0.0959874114870181,
		"winningPercentage": 0.46875,
		"wins": 15
	},
	"id": "3e008f60-6842-42e7-b125-b88c7e5c1a95",
	"name": "Zeboriah Wilson",
	"seasons": {
		"1": {
			"appearances": 12,
			"battersFaced": 464,
			"basesOnBalls": 55,
			"basesOnBallsPerNine": 4.583333333333334,
			"earnedRuns": 63,
			"earnedRunAverage": 5.25,
			"flyouts": 60,
			"groundouts": 153,
			"hitsAllowed": 121,
			"hitsAllowedPerNine": 10.083333333333334,
			"homeRuns": 13,
			"homeRunsPerNine": 1.0833333333333333,
			"inningsPitched": 108,
			"losses": 6,
			"numberOfPitches": 0,
			"qualityStarts": 8,
			"shutouts": 1,
			"strikeouts": 49,
			"strikeoutToWalkRatio": 0.8909090909090909,
			"strikeoutsPerNine": 4.083333333333334,
			"strikeoutRate": 0.10560344827586207,
			"team": "3f8bbb15-61c0-4e3f-8e4a-907a5fb1565e",
			"teamName": "Boston Flowers",
			"walksAndHitsPerInningPitched": 1.6296296296296295,
			"walkRate": 0.11853448275862069,
			"winningPercentage": 0.5,
			"wins": 6
		},
		"2": {
			"appearances": 20,
			"battersFaced": 807,
			"basesOnBalls": 67,
			"basesOnBallsPerNine": 3.1082474226804124,
			"earnedRuns": 121,
			"earnedRunAverage": 5.61340206185567,
			"flyouts": 110,
			"groundouts": 287,
			"hitsAllowed": 217,
			"hitsAllowedPerNine": 10.06701030927835,
			"homeRuns": 19,
			"homeRunsPerNine": 0.8814432989690721,
			"inningsPitched": 194,
			"losses": 11,
			"numberOfPitches": 0,
			"qualityStarts": 5,
			"shutouts": 1,
			"strikeouts": 82,
			"strikeoutToWalkRatio": 1.2238805970149254,
			"strikeoutsPerNine": 3.804123711340206,
			"strikeoutRate": 0.10161090458488228,
			"team": "3f8bbb15-61c0-4e3f-8e4a-907a5fb1565e",
			"teamName": "Boston Flowers",
			"walksAndHitsPerInningPitched": 1.4639175257731958,
			"walkRate": 0.08302354399008674,
			"winningPercentage": 0.45,
			"wins": 9
		}
	},
	"postseasons": {
		"1": {
			"appearances": 2,
			"battersFaced": 82,
			"basesOnBalls": 9,
			"basesOnBallsPerNine": 4.263157894736842,
			"earnedRuns": 14,
			"earnedRunAverage": 6.631578947368421,
			"flyouts": 18,
			"groundouts": 24,
			"hitsAllowed": 23,
			"hitsAllowedPerNine": 10.894736842105264,
			"homeRuns": 2,
			"homeRunsPerNine": 0.9473684210526315,
			"inningsPitched": 19,
			"losses": 1,
			"numberOfPitches": 0,
			"qualityStarts": 0,
			"shutouts": 0,
			"strikeouts": 5,
			"strikeoutToWalkRatio": 0.5555555555555556,
			"strikeoutsPerNine": 2.3684210526315788,
			"strikeoutRate": 0.06097560975609756,
			"team": "3f8bbb15-61c0-4e3f-8e4a-907a5fb1565e",
			"teamName": "Boston Flowers",
			"walksAndHitsPerInningPitched": 1.6842105263157894,
			"walkRate": 0.10975609756097561,
			"winningPercentage": 0.5,
			"wins": 1
		}
	},
	"slug": "zeboriah-wilson"
}
