{
	"careerPostseason": {
		"appearances": 2,
		"battersFaced": 65,
		"basesOnBalls": 1,
		"basesOnBallsPerNine": 0.47368421052631576,
		"earnedRuns": 6,
		"earnedRunAverage": 2.8421052631578947,
		"flyouts": 12,
		"groundouts": 28,
		"hitsAllowed": 13,
		"hitsAllowedPerNine": 6.157894736842105,
		"homeRuns": 2,
		"homeRunsPerNine": 0.9473684210526315,
		"inningsPitched": 19,
		"losses": 1,
		"numberOfPitches": 0,
		"qualityStarts": 1,
		"shutouts": 0,
		"strikeouts": 6,
		"strikeoutToWalkRatio": 6,
		"strikeoutsPerNine": 2.8421052631578947,
		"strikeoutRate": 0.09230769230769231,
		"team": null,
		"teamName": null,
		"walksAndHitsPerInningPitched": 0.7368421052631579,
		"walkRate": 0.015384615384615385,
		"winningPercentage": 0.5,
		"wins": 1
	},
	"careerSeason": {
		"appearances": 31,
		"battersFaced": 1163,
		"basesOnBalls": 88,
		"basesOnBallsPerNine": 2.703071672354949,
		"earnedRuns": 145,
		"earnedRunAverage": 4.453924914675768,
		"flyouts": 168,
		"groundouts": 414,
		"hitsAllowed": 302,
		"hitsAllowedPerNine": 9.276450511945393,
		"homeRuns": 31,
		"homeRunsPerNine": 0.9522184300341298,
		"inningsPitched": 293,
		"losses": 12,
		"numberOfPitches": 0,
		"qualityStarts": 11,
		"shutouts": 2,
		"strikeouts": 124,
		"strikeoutToWalkRatio": 1.4090909090909092,
		"strikeoutsPerNine": 3.808873720136519,
		"strikeoutRate": 0.10662080825451418,
		"team": null,
		"teamName": null,
		"walksAndHitsPerInningPitched": 1.3310580204778157,
		"walkRate": 0.07566638005159071,
		"winningPercentage": 0.6129032258064516,
		"wins": 19
	},
	"id": "18af933a-4afa-4cba-bda5-45160f3af99b",
	"name": "Felix Garbage",
	"seasons": {
		"1": {
			"appearances": 12,
			"battersFaced": 450,
			"basesOnBalls": 37,
			"basesOnBallsPerNine": 3.0272727272727273,
			"earnedRuns": 55,
			"earnedRunAverage": 4.5,
			"flyouts": 71,
			"groundouts": 153,
			"hitsAllowed": 111,
			"hitsAllowedPerNine": 9.081818181818182,
			"homeRuns": 13,
			"homeRunsPerNine": 1.0636363636363637,
			"inningsPitched": 110,
			"losses": 7,
			"numberOfPitches": 0,
			"qualityStarts": 5,
			"shutouts": 2,
			"strikeouts": 53,
			"strikeoutToWalkRatio": 1.4324324324324325,
			"strikeoutsPerNine": 4.336363636363636,
			"strikeoutRate": 0.11777777777777777,
			"team": "36569151-a2fb-43c1-9df7-2df512424c82",
			"teamName": "New York Millennials",
			"walksAndHitsPerInningPitched": 1.3454545454545455,
			"walkRate": 0.08222222222222222,
			"winningPercentage": 0.4166666666666667,
			"wins": 5
		},
		"2": {
			"appearances": 19,
			"battersFaced": 713,
			"basesOnBalls": 51,
			"basesOnBallsPerNine": 2.5081967213114753,
			"earnedRuns": 90,
			"earnedRunAverage": 4.426229508196721,
			"flyouts": 97,
			"groundouts": 261,
			"hitsAllowed": 191,
			"hitsAllowedPerNine": 9.39344262295082,
			"homeRuns": 18,
			"homeRunsPerNine": 0.8852459016393442,
			"inningsPitched": 183,
			"losses": 5,
			"numberOfPitches": 0,
			"qualityStarts": 6,
			"shutouts": 0,
			"strikeouts": 71,
			"strikeoutToWalkRatio": 1.392156862745098,
			"strikeoutsPerNine": 3.4918032786885247,
			"strikeoutRate": 0.09957924263674614,
			"team": "36569151-a2fb-43c1-9df7-2df512424c82",
			"teamName": "New York Millennials",
			"walksAndHitsPerInningPitched": 1.3224043715846994,
			"walkRate": 0.07152875175315568,
			"winningPercentage": 0.7368421052631579,
			"wins": 14
		}
	},
	"postseasons": {
		"2": {
			"appearances": 2,
			"battersFaced": 65,
			"basesOnBalls": 1,
			"basesOnBallsPerNine": 0.47368421052631576,
			"earnedRuns": 6,
			"earnedRunAverage": 2.8421052631578947,
			"flyouts": 12,
			"groundouts": 28,
			"hitsAllowed": 13,
			"hitsAllowedPerNine": 6.157894736842105,
			"homeRuns": 2,
			"homeRunsPerNine": 0.9473684210526315,
			"inningsPitched": 19,
			"losses": 1,
			"numberOfPitches": 0,
			"qualityStarts": 1,
			"shutouts": 0,
			"strikeouts": 6,
			"strikeoutToWalkRatio": 6,
			"strikeoutsPerNine": 2.8421052631578947,
			"strikeoutRate": 0.09230769230769231,
			"team": "36569151-a2fb-43c1-9df7-2df512424c82",
			"teamName": "New York Millennials",
			"walksAndHitsPerInningPitched": 0.7368421052631579,
			"walkRate": 0.015384615384615385,
			"winningPercentage": 0.5,
			"wins": 1
		}
	}
}
