{
	"careerPostseason": {
		"appearances": 3,
		"battersFaced": 126,
		"basesOnBalls": 16,
		"basesOnBallsPerNine": 5.333333333333333,
		"earnedRuns": 20,
		"earnedRunAverage": 6.666666666666667,
		"flyouts": 19,
		"groundouts": 35,
		"hitsAllowed": 37,
		"hitsAllowedPerNine": 12.333333333333334,
		"homeRuns": 2,
		"homeRunsPerNine": 0.6666666666666666,
		"inningsPitched": 27,
		"losses": 2,
		"numberOfPitches": 0,
		"qualityStarts": 1,
		"shutouts": 0,
		"strikeouts": 11,
		"strikeoutToWalkRatio": 0.6875,
		"strikeoutsPerNine": 3.6666666666666665,
		"strikeoutRate": 0.0873015873015873,
		"team": null,
		"teamName": null,
		"walksAndHitsPerInningPitched": 1.962962962962963,
		"walkRate": 0.12698412698412698,
		"winningPercentage": 0.3333333333333333,
		"wins": 1
	},
	"careerSeason": {
		"appearances": 31,
		"battersFaced": 1167,
		"basesOnBalls": 127,
		"basesOnBallsPerNine": 3.8614864864864864,
		"earnedRuns": 145,
		"earnedRunAverage": 4.408783783783784,
		"flyouts": 153,
		"groundouts": 420,
		"hitsAllowed": 267,
		"hitsAllowedPerNine": 8.118243243243242,
		"homeRuns": 34,
		"homeRunsPerNine": 1.0337837837837838,
		"inningsPitched": 296,
		"losses": 10,
		"numberOfPitches": 0,
		"qualityStarts": 10,
		"shutouts": 0,
		"strikeouts": 114,
		"strikeoutToWalkRatio": 0.8976377952755905,
		"strikeoutsPerNine": 3.4662162162162162,
		"strikeoutRate": 0.09768637532133675,
		"team": null,
		"teamName": null,
		"walksAndHitsPerInningPitched": 1.3310810810810811,
		"walkRate": 0.10882604970008569,
		"winningPercentage": 0.6774193548387096,
		"wins": 21
	},
	"id": "f4a5d734-0ade-4410-abb6-c0cd5a7a1c26",
	"name": "Agan Harrison",
	"seasons": {
		"1": {
			"appearances": 12,
			"battersFaced": 476,
			"basesOnBalls": 58,
			"basesOnBallsPerNine": 4.619469026548673,
			"earnedRuns": 66,
			"earnedRunAverage": 5.256637168141593,
			"flyouts": 53,
			"groundouts": 161,
			"hitsAllowed": 117,
			"hitsAllowedPerNine": 9.318584070796462,
			"homeRuns": 11,
			"homeRunsPerNine": 0.8761061946902655,
			"inningsPitched": 113,
			"losses": 5,
			"numberOfPitches": 0,
			"qualityStarts": 2,
			"shutouts": 0,
			"strikeouts": 39,
			"strikeoutToWalkRatio": 0.6724137931034483,
			"strikeoutsPerNine": 3.1061946902654864,
			"strikeoutRate": 0.0819327731092437,
			"team": "a37f9158-7f82-46bc-908c-c9e2dda7c33b",
			"teamName": "Breckenridge Jazz Hands",
			"walksAndHitsPerInningPitched": 1.5486725663716814,
			"walkRate": 0.12184873949579832,
			"winningPercentage": 0.5833333333333334,
			"wins": 7
		},
		"2": {
			"appearances": 19,
			"battersFaced": 691,
			"basesOnBalls": 69,
			"basesOnBallsPerNine": 3.393442622950819,
			"earnedRuns": 79,
			"earnedRunAverage": 3.8852459016393444,
			"flyouts": 100,
			"groundouts": 259,
			"hitsAllowed": 150,
			"hitsAllowedPerNine": 7.3770491803278695,
			"homeRuns": 23,
			"homeRunsPerNine": 1.1311475409836065,
			"inningsPitched": 183,
			"losses": 5,
			"numberOfPitches": 0,
			"qualityStarts": 8,
			"shutouts": 0,
			"strikeouts": 75,
			"strikeoutToWalkRatio": 1.0869565217391304,
			"strikeoutsPerNine": 3.6885245901639347,
			"strikeoutRate": 0.1085383502170767,
			"team": "a37f9158-7f82-46bc-908c-c9e2dda7c33b",
			"teamName": "Breckenridge Jazz Hands",
			"walksAndHitsPerInningPitched": 1.1967213114754098,
			"walkRate": 0.09985528219971057,
			"winningPercentage": 0.7368421052631579,
			"wins": 14
		}
	},
	"postseasons": {
		"1": {
			"appearances": 2,
			"battersFaced": 89,
			"basesOnBalls": 9,
			"basesOnBallsPerNine": 4.263157894736842,
			"earnedRuns": 13,
			"earnedRunAverage": 6.157894736842105,
			"flyouts": 10,
			"groundouts": 29,
			"hitsAllowed": 29,
			"hitsAllowedPerNine": 13.73684210526316,
			"homeRuns": 2,
			"homeRunsPerNine": 0.9473684210526315,
			"inningsPitched": 19,
			"losses": 1,
			"numberOfPitches": 0,
			"qualityStarts": 1,
			"shutouts": 0,
			"strikeouts": 9,
			"strikeoutToWalkRatio": 1,
			"strikeoutsPerNine": 4.263157894736842,
			"strikeoutRate": 0.10112359550561797,
			"team": "a37f9158-7f82-46bc-908c-c9e2dda7c33b",
			"teamName": "Breckenridge Jazz Hands",
			"walksAndHitsPerInningPitched": 2,
			"walkRate": 0.10112359550561797,
			"winningPercentage": 0.5,
			"wins": 1
		},
		"2": {
			"appearances": 1,
			"battersFaced": 37,
			"basesOnBalls": 7,
			"basesOnBallsPerNine": 7.875,
			"earnedRuns": 7,
			"earnedRunAverage": 7.875,
			"flyouts": 9,
			"groundouts": 6,
			"hitsAllowed": 8,
			"hitsAllowedPerNine": 9,
			"homeRuns": 0,
			"homeRunsPerNine": 0,
			"inningsPitched": 8,
			"losses": 1,
			"numberOfPitches": 0,
			"qualityStarts": 0,
			"shutouts": 0,
			"strikeouts": 2,
			"strikeoutToWalkRatio": 0.2857142857142857,
			"strikeoutsPerNine": 2.25,
			"strikeoutRate": 0.05405405405405406,
			"team": "a37f9158-7f82-46bc-908c-c9e2dda7c33b",
			"teamName": "Breckenridge Jazz Hands",
			"walksAndHitsPerInningPitched": 1.875,
			"walkRate": 0.1891891891891892,
			"winningPercentage": 0,
			"wins": 0
		}
	},
	"slug": "agan-harrison"
}
