{
	"careerPostseason": {
		"appearances": 2,
		"battersFaced": 73,
		"basesOnBalls": 1,
		"basesOnBallsPerNine": 0.5294117647058824,
		"earnedRuns": 12,
		"earnedRunAverage": 6.352941176470588,
		"flyouts": 8,
		"groundouts": 24,
		"hitsAllowed": 28,
		"hitsAllowedPerNine": 14.823529411764705,
		"homeRuns": 2,
		"homeRunsPerNine": 1.0588235294117647,
		"inningsPitched": 17,
		"losses": 2,
		"numberOfPitches": 0,
		"qualityStarts": 1,
		"shutouts": 0,
		"strikeouts": 8,
		"strikeoutToWalkRatio": 8,
		"strikeoutsPerNine": 4.235294117647059,
		"strikeoutRate": 0.1095890410958904,
		"team": null,
		"teamName": null,
		"walksAndHitsPerInningPitched": 1.7058823529411764,
		"walkRate": 0.0136986301369863,
		"winningPercentage": 0,
		"wins": 0
	},
	"careerSeason": {
		"appearances": 33,
		"battersFaced": 1247,
		"basesOnBalls": 73,
		"basesOnBallsPerNine": 2.099041533546326,
		"earnedRuns": 186,
		"earnedRunAverage": 5.348242811501597,
		"flyouts": 189,
		"groundouts": 408,
		"hitsAllowed": 357,
		"hitsAllowedPerNine": 10.265175718849841,
		"homeRuns": 44,
		"homeRunsPerNine": 1.2651757188498403,
		"inningsPitched": 313,
		"losses": 18,
		"numberOfPitches": 0,
		"qualityStarts": 9,
		"shutouts": 1,
		"strikeouts": 162,
		"strikeoutToWalkRatio": 2.219178082191781,
		"strikeoutsPerNine": 4.65814696485623,
		"strikeoutRate": 0.12991178829190056,
		"team": null,
		"teamName": null,
		"walksAndHitsPerInningPitched": 1.3738019169329074,
		"walkRate": 0.05854049719326383,
		"winningPercentage": 0.45454545454545453,
		"wins": 15
	},
	"id": "740d5fef-d59f-4dac-9a75-739ec07f91cf",
	"name": "Conner Haley",
	"seasons": {
		"1": {
			"appearances": 13,
			"battersFaced": 478,
			"basesOnBalls": 23,
			"basesOnBallsPerNine": 1.6428571428571428,
			"earnedRuns": 55,
			"earnedRunAverage": 3.9285714285714284,
			"flyouts": 73,
			"groundouts": 169,
			"hitsAllowed": 126,
			"hitsAllowedPerNine": 9,
			"homeRuns": 16,
			"homeRunsPerNine": 1.1428571428571428,
			"inningsPitched": 126,
			"losses": 4,
			"numberOfPitches": 0,
			"qualityStarts": 4,
			"shutouts": 0,
			"strikeouts": 70,
			"strikeoutToWalkRatio": 3.0434782608695654,
			"strikeoutsPerNine": 5,
			"strikeoutRate": 0.14644351464435146,
			"team": "b024e975-1c4a-4575-8936-a3754a08806a",
			"teamName": "Dallas Steaks",
			"walksAndHitsPerInningPitched": 1.1825396825396826,
			"walkRate": 0.04811715481171548,
			"winningPercentage": 0.6923076923076923,
			"wins": 9
		},
		"2": {
			"appearances": 20,
			"battersFaced": 769,
			"basesOnBalls": 50,
			"basesOnBallsPerNine": 2.4064171122994655,
			"earnedRuns": 131,
			"earnedRunAverage": 6.304812834224599,
			"flyouts": 116,
			"groundouts": 239,
			"hitsAllowed": 231,
			"hitsAllowedPerNine": 11.117647058823529,
			"homeRuns": 28,
			"homeRunsPerNine": 1.3475935828877004,
			"inningsPitched": 187,
			"losses": 14,
			"numberOfPitches": 0,
			"qualityStarts": 5,
			"shutouts": 1,
			"strikeouts": 92,
			"strikeoutToWalkRatio": 1.84,
			"strikeoutsPerNine": 4.427807486631016,
			"strikeoutRate": 0.11963589076723016,
			"team": "b024e975-1c4a-4575-8936-a3754a08806a",
			"teamName": "Dallas Steaks",
			"walksAndHitsPerInningPitched": 1.5026737967914439,
			"walkRate": 0.06501950585175553,
			"winningPercentage": 0.3,
			"wins": 6
		}
	},
	"postseasons": {
		"1": {
			"appearances": 1,
			"battersFaced": 47,
			"basesOnBalls": 1,
			"basesOnBallsPerNine": 1,
			"earnedRuns": 11,
			"earnedRunAverage": 11,
			"flyouts": 2,
			"groundouts": 12,
			"hitsAllowed": 21,
			"hitsAllowedPerNine": 21,
			"homeRuns": 1,
			"homeRunsPerNine": 1,
			"inningsPitched": 9,
			"losses": 1,
			"numberOfPitches": 0,
			"qualityStarts": 0,
			"shutouts": 0,
			"strikeouts": 3,
			"strikeoutToWalkRatio": 3,
			"strikeoutsPerNine": 3,
			"strikeoutRate": 0.06382978723404255,
			"team": "b024e975-1c4a-4575-8936-a3754a08806a",
			"teamName": "Dallas Steaks",
			"walksAndHitsPerInningPitched": 2.4444444444444446,
			"walkRate": 0.02127659574468085,
			"winningPercentage": 0,
			"wins": 0
		},
		"2": {
			"appearances": 1,
			"battersFaced": 26,
			"basesOnBalls": 0,
			"basesOnBallsPerNine": 0,
			"earnedRuns": 1,
			"earnedRunAverage": 1.125,
			"flyouts": 6,
			"groundouts": 12,
			"hitsAllowed": 7,
			"hitsAllowedPerNine": 7.875,
			"homeRuns": 1,
			"homeRunsPerNine": 1.125,
			"inningsPitched": 8,
			"losses": 1,
			"numberOfPitches": 0,
			"qualityStarts": 1,
			"shutouts": 0,
			"strikeouts": 5,
			"strikeoutToWalkRatio": 0,
			"strikeoutsPerNine": 5.625,
			"strikeoutRate": 0.19230769230769232,
			"team": "b024e975-1c4a-4575-8936-a3754a08806a",
			"teamName": "Dallas Steaks",
			"walksAndHitsPerInningPitched": 0.875,
			"walkRate": 0,
			"winningPercentage": 0,
			"wins": 0
		}
	},
	"slug": "conner-haley"
}
