{
	"careerPostseason": {
		"appearances": 2,
		"battersFaced": 71,
		"basesOnBalls": 9,
		"basesOnBallsPerNine": 4.5,
		"earnedRuns": 6,
		"earnedRunAverage": 3,
		"flyouts": 11,
		"groundouts": 23,
		"hitsAllowed": 15,
		"hitsAllowedPerNine": 7.5,
		"homeRuns": 1,
		"homeRunsPerNine": 0.5,
		"inningsPitched": 18,
		"losses": 1,
		"numberOfPitches": 0,
		"qualityStarts": 1,
		"shutouts": 0,
		"strikeouts": 8,
		"strikeoutToWalkRatio": 0.8888888888888888,
		"strikeoutsPerNine": 4,
		"strikeoutRate": 0.11267605633802817,
		"team": null,
		"teamName": null,
		"walksAndHitsPerInningPitched": 1.3333333333333333,
		"walkRate": 0.1267605633802817,
		"winningPercentage": 0.5,
		"wins": 1
	},
	"careerSeason": {
		"appearances": 31,
		"battersFaced": 1144,
		"basesOnBalls": 75,
		"basesOnBallsPerNine": 2.3684210526315788,
		"earnedRuns": 132,
		"earnedRunAverage": 4.168421052631579,
		"flyouts": 167,
		"groundouts": 392,
		"hitsAllowed": 293,
		"hitsAllowedPerNine": 9.25263157894737,
		"homeRuns": 32,
		"homeRunsPerNine": 1.0105263157894737,
		"inningsPitched": 285,
		"losses": 18,
		"numberOfPitches": 0,
		"qualityStarts": 12,
		"shutouts": 0,
		"strikeouts": 148,
		"strikeoutToWalkRatio": 1.9733333333333334,
		"strikeoutsPerNine": 4.673684210526315,
		"strikeoutRate": 0.12937062937062938,
		"team": null,
		"teamName": null,
		"walksAndHitsPerInningPitched": 1.2912280701754386,
		"walkRate": 0.06555944055944056,
		"winningPercentage": 0.41935483870967744,
		"wins": 13
	},
	"id": "9ba361a1-16d5-4f30-b590-fc4fc2fb53d2",
	"name": "Mooney Doctor",
	"seasons": {
		"1": {
			"appearances": 12,
			"battersFaced": 474,
			"basesOnBalls": 38,
			"basesOnBallsPerNine": 3.081081081081081,
			"earnedRuns": 61,
			"earnedRunAverage": 4.945945945945946,
			"flyouts": 67,
			"groundouts": 149,
			"hitsAllowed": 128,
			"hitsAllowedPerNine": 10.378378378378379,
			"homeRuns": 11,
			"homeRunsPerNine": 0.8918918918918919,
			"inningsPitched": 111,
			"losses": 10,
			"numberOfPitches": 0,
			"qualityStarts": 5,
			"shutouts": 0,
			"strikeouts": 63,
			"strikeoutToWalkRatio": 1.6578947368421053,
			"strikeoutsPerNine": 5.108108108108108,
			"strikeoutRate": 0.13291139240506328,
			"team": "eb67ae5e-c4bf-46ca-bbbc-425cd34182ff",
			"teamName": "Canada Moist Talkers",
			"walksAndHitsPerInningPitched": 1.4954954954954955,
			"walkRate": 0.08016877637130802,
			"winningPercentage": 0.16666666666666666,
			"wins": 2
		},
		"2": {
			"appearances": 19,
			"battersFaced": 670,
			"basesOnBalls": 37,
			"basesOnBallsPerNine": 1.9137931034482758,
			"earnedRuns": 71,
			"earnedRunAverage": 3.6724137931034484,
			"flyouts": 100,
			"groundouts": 243,
			"hitsAllowed": 165,
			"hitsAllowedPerNine": 8.53448275862069,
			"homeRuns": 21,
			"homeRunsPerNine": 1.0862068965517242,
			"inningsPitched": 174,
			"losses": 8,
			"numberOfPitches": 0,
			"qualityStarts": 7,
			"shutouts": 0,
			"strikeouts": 85,
			"strikeoutToWalkRatio": 2.2972972972972974,
			"strikeoutsPerNine": 4.3965517241379315,
			"strikeoutRate": 0.12686567164179105,
			"team": "eb67ae5e-c4bf-46ca-bbbc-425cd34182ff",
			"teamName": "Canada Moist Talkers",
			"walksAndHitsPerInningPitched": 1.160919540229885,
			"walkRate": 0.05522388059701493,
			"winningPercentage": 0.5789473684210527,
			"wins": 11
		}
	},
	"postseasons": {
		"1": {
			"appearances": 1,
			"battersFaced": 37,
			"basesOnBalls": 7,
			"basesOnBallsPerNine": 7.875,
			"earnedRuns": 5,
			"earnedRunAverage": 5.625,
			"flyouts": 5,
			"groundouts": 10,
			"hitsAllowed": 8,
			"hitsAllowedPerNine": 9,
			"homeRuns": 0,
			"homeRunsPerNine": 0,
			"inningsPitched": 8,
			"losses": 1,
			"numberOfPitches": 0,
			"qualityStarts": 0,
			"shutouts": 0,
			"strikeouts": 3,
			"strikeoutToWalkRatio": 0.42857142857142855,
			"strikeoutsPerNine": 3.375,
			"strikeoutRate": 0.08108108108108109,
			"team": "eb67ae5e-c4bf-46ca-bbbc-425cd34182ff",
			"teamName": "Canada Moist Talkers",
			"walksAndHitsPerInningPitched": 1.875,
			"walkRate": 0.1891891891891892,
			"winningPercentage": 0,
			"wins": 0
		},
		"2": {
			"appearances": 1,
			"battersFaced": 34,
			"basesOnBalls": 2,
			"basesOnBallsPerNine": 1.8,
			"earnedRuns": 1,
			"earnedRunAverage": 0.9,
			"flyouts": 6,
			"groundouts": 13,
			"hitsAllowed": 7,
			"hitsAllowedPerNine": 6.3,
			"homeRuns": 1,
			"homeRunsPerNine": 0.9,
			"inningsPitched": 10,
			"losses": 0,
			"numberOfPitches": 0,
			"qualityStarts": 1,
			"shutouts": 0,
			"strikeouts": 5,
			"strikeoutToWalkRatio": 2.5,
			"strikeoutsPerNine": 4.5,
			"strikeoutRate": 0.14705882352941177,
			"team": "eb67ae5e-c4bf-46ca-bbbc-425cd34182ff",
			"teamName": "Canada Moist Talkers",
			"walksAndHitsPerInningPitched": 0.9,
			"walkRate": 0.058823529411764705,
			"winningPercentage": 1,
			"wins": 1
		}
	},
	"slug": "mooney-doctor"
}
