{
	"careerPostseason": {
		"appearances": 4,
		"battersFaced": 136,
		"basesOnBalls": 1,
		"basesOnBallsPerNine": 0.23076923076923075,
		"earnedRuns": 12,
		"earnedRunAverage": 2.769230769230769,
		"flyouts": 19,
		"groundouts": 42,
		"hitsAllowed": 34,
		"hitsAllowedPerNine": 7.846153846153847,
		"homeRuns": 6,
		"homeRunsPerNine": 1.3846153846153846,
		"inningsPitched": 39,
		"losses": 0,
		"numberOfPitches": 0,
		"qualityStarts": 1,
		"shutouts": 1,
		"strikeouts": 27,
		"strikeoutToWalkRatio": 27,
		"strikeoutsPerNine": 6.230769230769231,
		"strikeoutRate": 0.19852941176470587,
		"team": null,
		"teamName": null,
		"walksAndHitsPerInningPitched": 0.8974358974358975,
		"walkRate": 0.007352941176470588,
		"winningPercentage": 1,
		"wins": 4
	},
	"careerSeason": {
		"appearances": 33,
		"battersFaced": 1054,
		"basesOnBalls": 14,
		"basesOnBallsPerNine": 0.41447368421052627,
		"earnedRuns": 88,
		"earnedRunAverage": 2.6052631578947367,
		"flyouts": 159,
		"groundouts": 424,
		"hitsAllowed": 230,
		"hitsAllowedPerNine": 6.809210526315789,
		"homeRuns": 28,
		"homeRunsPerNine": 0.8289473684210525,
		"inningsPitched": 304,
		"losses": 10,
		"numberOfPitches": 0,
		"qualityStarts": 14,
		"shutouts": 6,
		"strikeouts": 192,
		"strikeoutToWalkRatio": 13.714285714285714,
		"strikeoutsPerNine": 5.684210526315789,
		"strikeoutRate": 0.18216318785578747,
		"team": null,
		"teamName": null,
		"walksAndHitsPerInningPitched": 0.8026315789473685,
		"walkRate": 0.013282732447817837,
		"winningPercentage": 0.696969696969697,
		"wins": 23
	},
	"id": "2720559e-9173-4042-aaa0-d3852b72ab2e",
	"name": "Hiroto Wilcox",
	"seasons": {
		"1": {
			"appearances": 13,
			"battersFaced": 391,
			"basesOnBalls": 2,
			"basesOnBallsPerNine": 0.15517241379310345,
			"earnedRuns": 33,
			"earnedRunAverage": 2.560344827586207,
			"flyouts": 59,
			"groundouts": 167,
			"hitsAllowed": 80,
			"hitsAllowedPerNine": 6.206896551724139,
			"homeRuns": 10,
			"homeRunsPerNine": 0.7758620689655173,
			"inningsPitched": 116,
			"losses": 6,
			"numberOfPitches": 0,
			"qualityStarts": 6,
			"shutouts": 3,
			"strikeouts": 72,
			"strikeoutToWalkRatio": 36,
			"strikeoutsPerNine": 5.586206896551724,
			"strikeoutRate": 0.18414322250639387,
			"team": "747b8e4a-7e50-4638-a973-ea7950a3e739",
			"teamName": "Hades Tigers",
			"walksAndHitsPerInningPitched": 0.7068965517241379,
			"walkRate": 0.005115089514066497,
			"winningPercentage": 0.5384615384615384,
			"wins": 7
		},
		"2": {
			"appearances": 20,
			"battersFaced": 663,
			"basesOnBalls": 12,
			"basesOnBallsPerNine": 0.5744680851063829,
			"earnedRuns": 55,
			"earnedRunAverage": 2.632978723404255,
			"flyouts": 100,
			"groundouts": 257,
			"hitsAllowed": 150,
			"hitsAllowedPerNine": 7.180851063829787,
			"homeRuns": 18,
			"homeRunsPerNine": 0.8617021276595744,
			"inningsPitched": 188,
			"losses": 4,
			"numberOfPitches": 0,
			"qualityStarts": 8,
			"shutouts": 3,
			"strikeouts": 120,
			"strikeoutToWalkRatio": 10,
			"strikeoutsPerNine": 5.74468085106383,
			"strikeoutRate": 0.18099547511312217,
			"team": "747b8e4a-7e50-4638-a973-ea7950a3e739",
			"teamName": "Hades Tigers",
			"walksAndHitsPerInningPitched": 0.8617021276595744,
			"walkRate": 0.01809954751131222,
			"winningPercentage": 0.8,
			"wins": 16
		}
	},
	"postseasons": {
		"1": {
			"appearances": 1,
			"battersFaced": 34,
			"basesOnBalls": 0,
			"basesOnBallsPerNine": 0,
			"earnedRuns": 3,
			"earnedRunAverage": 2.7,
			"flyouts": 5,
			"groundouts": 14,
			"hitsAllowed": 8,
			"hitsAllowedPerNine": 7.2,
			"homeRuns": 2,
			"homeRunsPerNine": 1.8,
			"inningsPitched": 10,
			"losses": 0,
			"numberOfPitches": 0,
			"qualityStarts": 0,
			"shutouts": 0,
			"strikeouts": 5,
			"strikeoutToWalkRatio": 0,
			"strikeoutsPerNine": 4.5,
			"strikeoutRate": 0.14705882352941177,
			"team": "747b8e4a-7e50-4638-a973-ea7950a3e739",
			"teamName": "Hades Tigers",
			"walksAndHitsPerInningPitched": 0.8,
			"walkRate": 0,
			"winningPercentage": 1,
			"wins": 1
		},
		"2": {
			"appearances": 3,
			"battersFaced": 102,
			"basesOnBalls": 1,
			"basesOnBallsPerNine": 0.3103448275862069,
			"earnedRuns": 9,
			"earnedRunAverage": 2.793103448275862,
			"flyouts": 14,
			"groundouts": 28,
			"hitsAllowed": 26,
			"hitsAllowedPerNine": 8.068965517241379,
			"homeRuns": 4,
			"homeRunsPerNine": 1.2413793103448276,
			"inningsPitched": 29,
			"losses": 0,
			"numberOfPitches": 0,
			"qualityStarts": 1,
			"shutouts": 1,
			"strikeouts": 22,
			"strikeoutToWalkRatio": 22,
			"strikeoutsPerNine": 6.827586206896552,
			"strikeoutRate": 0.21568627450980393,
			"team": "747b8e4a-7e50-4638-a973-ea7950a3e739",
			"teamName": "Hades Tigers",
			"walksAndHitsPerInningPitched": 0.9310344827586207,
			"walkRate": 0.00980392156862745,
			"winningPercentage": 1,
			"wins": 3
		}
	},
	"slug": "hiroto-wilcox"
}
