{
	"careerPostseason": {
		"appearances": 2,
		"battersFaced": 66,
		"basesOnBalls": 8,
		"basesOnBallsPerNine": 4.235294117647059,
		"earnedRuns": 12,
		"earnedRunAverage": 6.352941176470588,
		"flyouts": 13,
		"groundouts": 20,
		"hitsAllowed": 16,
		"hitsAllowedPerNine": 8.470588235294118,
		"homeRuns": 7,
		"homeRunsPerNine": 3.705882352941176,
		"inningsPitched": 17,
		"losses": 1,
		"numberOfPitches": 0,
		"qualityStarts": 0,
		"shutouts": 0,
		"strikeouts": 5,
		"strikeoutToWalkRatio": 0.625,
		"strikeoutsPerNine": 2.6470588235294117,
		"strikeoutRate": 0.07575757575757576,
		"team": null,
		"teamName": null,
		"walksAndHitsPerInningPitched": 1.411764705882353,
		"walkRate": 0.12121212121212122,
		"winningPercentage": 0.5,
		"wins": 1
	},
	"careerSeason": {
		"appearances": 32,
		"battersFaced": 1189,
		"basesOnBalls": 147,
		"basesOnBallsPerNine": 4.6749116607773855,
		"earnedRuns": 177,
		"earnedRunAverage": 5.628975265017668,
		"flyouts": 169,
		"groundouts": 368,
		"hitsAllowed": 305,
		"hitsAllowedPerNine": 9.699646643109542,
		"homeRuns": 35,
		"homeRunsPerNine": 1.1130742049469966,
		"inningsPitched": 283,
		"losses": 16,
		"numberOfPitches": 0,
		"qualityStarts": 10,
		"shutouts": 0,
		"strikeouts": 114,
		"strikeoutToWalkRatio": 0.7755102040816326,
		"strikeoutsPerNine": 3.625441696113074,
		"strikeoutRate": 0.095878889823381,
		"team": null,
		"teamName": null,
		"walksAndHitsPerInningPitched": 1.5971731448763251,
		"walkRate": 0.12363330529857022,
		"winningPercentage": 0.5,
		"wins": 16
	},
	"id": "7c5ae357-e079-4427-a90f-97d164c7262e",
	"name": "Milo Brown",
	"seasons": {
		"1": {
			"appearances": 12,
			"battersFaced": 473,
			"basesOnBalls": 57,
			"basesOnBallsPerNine": 4.839622641509434,
			"earnedRuns": 78,
			"earnedRunAverage": 6.622641509433962,
			"flyouts": 67,
			"groundouts": 140,
			"hitsAllowed": 133,
			"hitsAllowedPerNine": 11.29245283018868,
			"homeRuns": 16,
			"homeRunsPerNine": 1.3584905660377358,
			"inningsPitched": 106,
			"losses": 8,
			"numberOfPitches": 0,
			"qualityStarts": 3,
			"shutouts": 0,
			"strikeouts": 41,
			"strikeoutToWalkRatio": 0.7192982456140351,
			"strikeoutsPerNine": 3.4811320754716983,
			"strikeoutRate": 0.08668076109936575,
			"team": "b72f3061-f573-40d7-832a-5ad475bd7909",
			"teamName": "San Francisco Lovers",
			"walksAndHitsPerInningPitched": 1.7924528301886793,
			"walkRate": 0.12050739957716702,
			"winningPercentage": 0.3333333333333333,
			"wins": 4
		},
		"2": {
			"appearances": 20,
			"battersFaced": 716,
			"basesOnBalls": 90,
			"basesOnBallsPerNine": 4.576271186440678,
			"earnedRuns": 99,
			"earnedRunAverage": 5.033898305084746,
			"flyouts": 102,
			"groundouts": 228,
			"hitsAllowed": 172,
			"hitsAllowedPerNine": 8.745762711864407,
			"homeRuns": 19,
			"homeRunsPerNine": 0.9661016949152542,
			"inningsPitched": 177,
			"losses": 8,
			"numberOfPitches": 0,
			"qualityStarts": 7,
			"shutouts": 0,
			"strikeouts": 73,
			"strikeoutToWalkRatio": 0.8111111111111111,
			"strikeoutsPerNine": 3.711864406779661,
			"strikeoutRate": 0.10195530726256984,
			"team": "b72f3061-f573-40d7-832a-5ad475bd7909",
			"teamName": "San Francisco Lovers",
			"walksAndHitsPerInningPitched": 1.4802259887005649,
			"walkRate": 0.12569832402234637,
			"winningPercentage": 0.6,
			"wins": 12
		}
	},
	"postseasons": {
		"2": {
			"appearances": 2,
			"battersFaced": 66,
			"basesOnBalls": 8,
			"basesOnBallsPerNine": 4.235294117647059,
			"earnedRuns": 12,
			"earnedRunAverage": 6.352941176470588,
			"flyouts": 13,
			"groundouts": 20,
			"hitsAllowed": 16,
			"hitsAllowedPerNine": 8.470588235294118,
			"homeRuns": 7,
			"homeRunsPerNine": 3.705882352941176,
			"inningsPitched": 17,
			"losses": 1,
			"numberOfPitches": 0,
			"qualityStarts": 0,
			"shutouts": 0,
			"strikeouts": 5,
			"strikeoutToWalkRatio": 0.625,
			"strikeoutsPerNine": 2.6470588235294117,
			"strikeoutRate": 0.07575757575757576,
			"team": "b72f3061-f573-40d7-832a-5ad475bd7909",
			"teamName": "San Francisco Lovers",
			"walksAndHitsPerInningPitched": 1.411764705882353,
			"walkRate": 0.12121212121212122,
			"winningPercentage": 0.5,
			"wins": 1
		}
	}
}
