{
	"careerPostseason": {
		"appearances": 2,
		"battersFaced": 67,
		"basesOnBalls": 1,
		"basesOnBallsPerNine": 0.5,
		"earnedRuns": 9,
		"earnedRunAverage": 4.5,
		"flyouts": 16,
		"groundouts": 21,
		"hitsAllowed": 21,
		"hitsAllowedPerNine": 10.5,
		"homeRuns": 1,
		"homeRunsPerNine": 0.5,
		"inningsPitched": 18,
		"losses": 1,
		"numberOfPitches": 0,
		"qualityStarts": 0,
		"shutouts": 0,
		"strikeouts": 8,
		"strikeoutToWalkRatio": 8,
		"strikeoutsPerNine": 4,
		"strikeoutRate": 0.11940298507462686,
		"team": null,
		"teamName": null,
		"walksAndHitsPerInningPitched": 1.2222222222222223,
		"walkRate": 0.014925373134328358,
		"winningPercentage": 0.5,
		"wins": 1
	},
	"careerSeason": {
		"appearances": 31,
		"battersFaced": 1019,
		"basesOnBalls": 17,
		"basesOnBallsPerNine": 0.5066225165562914,
		"earnedRuns": 109,
		"earnedRunAverage": 3.248344370860927,
		"flyouts": 186,
		"groundouts": 389,
		"hitsAllowed": 225,
		"hitsAllowedPerNine": 6.7052980132450335,
		"homeRuns": 47,
		"homeRunsPerNine": 1.400662251655629,
		"inningsPitched": 302,
		"losses": 11,
		"numberOfPitches": 0,
		"qualityStarts": 11,
		"shutouts": 1,
		"strikeouts": 200,
		"strikeoutToWalkRatio": 11.764705882352942,
		"strikeoutsPerNine": 5.960264900662252,
		"strikeoutRate": 0.19627085377821393,
		"team": null,
		"teamName": null,
		"walksAndHitsPerInningPitched": 0.8013245033112583,
		"walkRate": 0.016683022571148183,
		"winningPercentage": 0.6451612903225806,
		"wins": 20
	},
	"id": "94baa9ac-ff96-4f56-a987-10358e917d91",
	"name": "Gabriel Griffith",
	"seasons": {
		"1": {
			"appearances": 12,
			"battersFaced": 410,
			"basesOnBalls": 7,
			"basesOnBallsPerNine": 0.5163934426229508,
			"earnedRuns": 43,
			"earnedRunAverage": 3.1721311475409837,
			"flyouts": 75,
			"groundouts": 159,
			"hitsAllowed": 92,
			"hitsAllowedPerNine": 6.786885245901638,
			"homeRuns": 18,
			"homeRunsPerNine": 1.3278688524590163,
			"inningsPitched": 122,
			"losses": 3,
			"numberOfPitches": 0,
			"qualityStarts": 4,
			"shutouts": 0,
			"strikeouts": 79,
			"strikeoutToWalkRatio": 11.285714285714286,
			"strikeoutsPerNine": 5.827868852459017,
			"strikeoutRate": 0.1926829268292683,
			"team": "b024e975-1c4a-4575-8936-a3754a08806a",
			"teamName": "Dallas Steaks",
			"walksAndHitsPerInningPitched": 0.8114754098360656,
			"walkRate": 0.01707317073170732,
			"winningPercentage": 0.75,
			"wins": 9
		},
		"2": {
			"appearances": 19,
			"battersFaced": 609,
			"basesOnBalls": 10,
			"basesOnBallsPerNine": 0.5,
			"earnedRuns": 66,
			"earnedRunAverage": 3.3,
			"flyouts": 111,
			"groundouts": 230,
			"hitsAllowed": 133,
			"hitsAllowedPerNine": 6.65,
			"homeRuns": 29,
			"homeRunsPerNine": 1.4500000000000002,
			"inningsPitched": 180,
			"losses": 8,
			"numberOfPitches": 0,
			"qualityStarts": 7,
			"shutouts": 1,
			"strikeouts": 121,
			"strikeoutToWalkRatio": 12.1,
			"strikeoutsPerNine": 6.050000000000001,
			"strikeoutRate": 0.1986863711001642,
			"team": "b024e975-1c4a-4575-8936-a3754a08806a",
			"teamName": "Dallas Steaks",
			"walksAndHitsPerInningPitched": 0.7944444444444444,
			"walkRate": 0.016420361247947456,
			"winningPercentage": 0.5789473684210527,
			"wins": 11
		}
	},
	"postseasons": {
		"1": {
			"appearances": 1,
			"battersFaced": 28,
			"basesOnBalls": 0,
			"basesOnBallsPerNine": 0,
			"earnedRuns": 1,
			"earnedRunAverage": 0.9,
			"flyouts": 7,
			"groundouts": 12,
			"hitsAllowed": 4,
			"hitsAllowedPerNine": 3.6,
			"homeRuns": 0,
			"homeRunsPerNine": 0,
			"inningsPitched": 10,
			"losses": 0,
			"numberOfPitches": 0,
			"qualityStarts": 0,
			"shutouts": 0,
			"strikeouts": 7,
			"strikeoutToWalkRatio": 0,
			"strikeoutsPerNine": 6.3,
			"strikeoutRate": 0.25,
			"team": "b024e975-1c4a-4575-8936-a3754a08806a",
			"teamName": "Dallas Steaks",
			"walksAndHitsPerInningPitched": 0.4,
			"walkRate": 0,
			"winningPercentage": 1,
			"wins": 1
		},
		"2": {
			"appearances": 1,
			"battersFaced": 39,
			"basesOnBalls": 1,
			"basesOnBallsPerNine": 1.125,
			"earnedRuns": 8,
			"earnedRunAverage": 9,
			"flyouts": 9,
			"groundouts": 9,
			"hitsAllowed": 17,
			"hitsAllowedPerNine": 19.125,
			"homeRuns": 1,
			"homeRunsPerNine": 1.125,
			"inningsPitched": 8,
			"losses": 1,
			"numberOfPitches": 0,
			"qualityStarts": 0,
			"shutouts": 0,
			"strikeouts": 1,
			"strikeoutToWalkRatio": 1,
			"strikeoutsPerNine": 1.125,
			"strikeoutRate": 0.02564102564102564,
			"team": "b024e975-1c4a-4575-8936-a3754a08806a",
			"teamName": "Dallas Steaks",
			"walksAndHitsPerInningPitched": 2.25,
			"walkRate": 0.02564102564102564,
			"winningPercentage": 0,
			"wins": 0
		}
	},
	"slug": "gabriel-griffith"
}
