{
	"careerPostseason": {
		"appearances": 4,
		"battersFaced": 154,
		"basesOnBalls": 5,
		"basesOnBallsPerNine": 1.1842105263157894,
		"earnedRuns": 18,
		"earnedRunAverage": 4.2631578947368425,
		"flyouts": 22,
		"groundouts": 56,
		"hitsAllowed": 42,
		"hitsAllowedPerNine": 9.947368421052632,
		"homeRuns": 6,
		"homeRunsPerNine": 1.4210526315789473,
		"inningsPitched": 38,
		"losses": 2,
		"numberOfPitches": 0,
		"qualityStarts": 1,
		"shutouts": 0,
		"strikeouts": 21,
		"strikeoutToWalkRatio": 4.2,
		"strikeoutsPerNine": 4.973684210526316,
		"strikeoutRate": 0.13636363636363635,
		"team": null,
		"teamName": null,
		"walksAndHitsPerInningPitched": 1.236842105263158,
		"walkRate": 0.032467532467532464,
		"winningPercentage": 0.5,
		"wins": 2
	},
	"careerSeason": {
		"appearances": 31,
		"battersFaced": 1075,
		"basesOnBalls": 31,
		"basesOnBallsPerNine": 0.9587628865979381,
		"earnedRuns": 118,
		"earnedRunAverage": 3.649484536082474,
		"flyouts": 151,
		"groundouts": 407,
		"hitsAllowed": 253,
		"hitsAllowedPerNine": 7.824742268041238,
		"homeRuns": 36,
		"homeRunsPerNine": 1.1134020618556701,
		"inningsPitched": 291,
		"losses": 10,
		"numberOfPitches": 0,
		"qualityStarts": 9,
		"shutouts": 3,
		"strikeouts": 177,
		"strikeoutToWalkRatio": 5.709677419354839,
		"strikeoutsPerNine": 5.4742268041237105,
		"strikeoutRate": 0.16465116279069766,
		"team": null,
		"teamName": null,
		"walksAndHitsPerInningPitched": 0.9759450171821306,
		"walkRate": 0.02883720930232558,
		"winningPercentage": 0.6774193548387096,
		"wins": 21
	},
	"id": "b3e512df-c411-4100-9544-0ceadddb28cf",
	"name": "Famous Owens",
	"seasons": {
		"1": {
			"appearances": 12,
			"battersFaced": 439,
			"basesOnBalls": 12,
			"basesOnBallsPerNine": 0.9557522123893805,
			"earnedRuns": 52,
			"earnedRunAverage": 4.1415929203539825,
			"flyouts": 59,
			"groundouts": 157,
			"hitsAllowed": 115,
			"hitsAllowedPerNine": 9.15929203539823,
			"homeRuns": 17,
			"homeRunsPerNine": 1.3539823008849559,
			"inningsPitched": 113,
			"losses": 4,
			"numberOfPitches": 0,
			"qualityStarts": 2,
			"shutouts": 0,
			"strikeouts": 70,
			"strikeoutToWalkRatio": 5.833333333333333,
			"strikeoutsPerNine": 5.575221238938052,
			"strikeoutRate": 0.15945330296127563,
			"team": "747b8e4a-7e50-4638-a973-ea7950a3e739",
			"teamName": "Hades Tigers",
			"walksAndHitsPerInningPitched": 1.1238938053097345,
			"walkRate": 0.02733485193621868,
			"winningPercentage": 0.6666666666666666,
			"wins": 8
		},
		"2": {
			"appearances": 19,
			"battersFaced": 636,
			"basesOnBalls": 19,
			"basesOnBallsPerNine": 0.9606741573033708,
			"earnedRuns": 66,
			"earnedRunAverage": 3.337078651685393,
			"flyouts": 92,
			"groundouts": 250,
			"hitsAllowed": 138,
			"hitsAllowedPerNine": 6.977528089887641,
			"homeRuns": 19,
			"homeRunsPerNine": 0.9606741573033708,
			"inningsPitched": 178,
			"losses": 6,
			"numberOfPitches": 0,
			"qualityStarts": 7,
			"shutouts": 3,
			"strikeouts": 107,
			"strikeoutToWalkRatio": 5.631578947368421,
			"strikeoutsPerNine": 5.410112359550562,
			"strikeoutRate": 0.16823899371069181,
			"team": "747b8e4a-7e50-4638-a973-ea7950a3e739",
			"teamName": "Hades Tigers",
			"walksAndHitsPerInningPitched": 0.8820224719101124,
			"walkRate": 0.029874213836477988,
			"winningPercentage": 0.6842105263157895,
			"wins": 13
		}
	},
	"postseasons": {
		"1": {
			"appearances": 1,
			"battersFaced": 38,
			"basesOnBalls": 1,
			"basesOnBallsPerNine": 1,
			"earnedRuns": 6,
			"earnedRunAverage": 6,
			"flyouts": 3,
			"groundouts": 16,
			"hitsAllowed": 11,
			"hitsAllowedPerNine": 11,
			"homeRuns": 3,
			"homeRunsPerNine": 3,
			"inningsPitched": 9,
			"losses": 1,
			"numberOfPitches": 0,
			"qualityStarts": 1,
			"shutouts": 0,
			"strikeouts": 5,
			"strikeoutToWalkRatio": 5,
			"strikeoutsPerNine": 5,
			"strikeoutRate": 0.13157894736842105,
			"team": "747b8e4a-7e50-4638-a973-ea7950a3e739",
			"teamName": "Hades Tigers",
			"walksAndHitsPerInningPitched": 1.3333333333333333,
			"walkRate": 0.02631578947368421,
			"winningPercentage": 0,
			"wins": 0
		},
		"2": {
			"appearances": 3,
			"battersFaced": 116,
			"basesOnBalls": 4,
			"basesOnBallsPerNine": 1.2413793103448276,
			"earnedRuns": 12,
			"earnedRunAverage": 3.7241379310344827,
			"flyouts": 19,
			"groundouts": 40,
			"hitsAllowed": 31,
			"hitsAllowedPerNine": 9.620689655172413,
			"homeRuns": 3,
			"homeRunsPerNine": 0.9310344827586207,
			"inningsPitched": 29,
			"losses": 1,
			"numberOfPitches": 0,
			"qualityStarts": 0,
			"shutouts": 0,
			"strikeouts": 16,
			"strikeoutToWalkRatio": 4,
			"strikeoutsPerNine": 4.9655172413793105,
			"strikeoutRate": 0.13793103448275862,
			"team": "747b8e4a-7e50-4638-a973-ea7950a3e739",
			"teamName": "Hades Tigers",
			"walksAndHitsPerInningPitched": 1.206896551724138,
			"walkRate": 0.034482758620689655,
			"winningPercentage": 0.6666666666666666,
			"wins": 2
		}
	},
	"slug": "famous-owens"
}
