{
	"careerPostseason": {
		"appearances": 3,
		"battersFaced": 118,
		"basesOnBalls": 3,
		"basesOnBallsPerNine": 0.9310344827586207,
		"earnedRuns": 13,
		"earnedRunAverage": 4.0344827586206895,
		"flyouts": 13,
		"groundouts": 44,
		"hitsAllowed": 32,
		"hitsAllowedPerNine": 9.931034482758621,
		"homeRuns": 5,
		"homeRunsPerNine": 1.5517241379310347,
		"inningsPitched": 29,
		"losses": 2,
		"numberOfPitches": 0,
		"qualityStarts": 1,
		"shutouts": 0,
		"strikeouts": 18,
		"strikeoutToWalkRatio": 6,
		"strikeoutsPerNine": 5.586206896551724,
		"strikeoutRate": 0.15254237288135594,
		"team": null,
		"teamName": null,
		"walksAndHitsPerInningPitched": 1.206896551724138,
		"walkRate": 0.025423728813559324,
		"winningPercentage": 0.3333333333333333,
		"wins": 1
	},
	"careerSeason": {
		"appearances": 31,
		"battersFaced": 1075,
		"basesOnBalls": 31,
		"basesOnBallsPerNine": 0.9587628865979381,
		"earnedRuns": 117,
		"earnedRunAverage": 3.618556701030928,
		"flyouts": 151,
		"groundouts": 407,
		"hitsAllowed": 253,
		"hitsAllowedPerNine": 7.824742268041238,
		"homeRuns": 35,
		"homeRunsPerNine": 1.0824742268041236,
		"inningsPitched": 291,
		"losses": 10,
		"numberOfPitches": 0,
		"qualityStarts": 9,
		"shutouts": 3,
		"strikeouts": 177,
		"strikeoutToWalkRatio": 5.709677419354839,
		"strikeoutsPerNine": 5.4742268041237105,
		"strikeoutRate": 0.16465116279069766,
		"team": null,
		"teamName": null,
		"walksAndHitsPerInningPitched": 0.9759450171821306,
		"walkRate": 0.02883720930232558,
		"winningPercentage": 0.6774193548387096,
		"wins": 21
	},
	"id": "b3e512df-c411-4100-9544-0ceadddb28cf",
	"name": "Famous Owens",
	"seasons": {
		"1": {
			"appearances": 12,
			"battersFaced": 439,
			"basesOnBalls": 12,
			"basesOnBallsPerNine": 0.9557522123893805,
			"earnedRuns": 51,
			"earnedRunAverage": 4.061946902654867,
			"flyouts": 59,
			"groundouts": 157,
			"hitsAllowed": 115,
			"hitsAllowedPerNine": 9.15929203539823,
			"homeRuns": 16,
			"homeRunsPerNine": 1.2743362831858407,
			"inningsPitched": 113,
			"losses": 4,
			"numberOfPitches": 0,
			"qualityStarts": 2,
			"shutouts": 0,
			"strikeouts": 70,
			"strikeoutToWalkRatio": 5.833333333333333,
			"strikeoutsPerNine": 5.575221238938052,
			"strikeoutRate": 0.15945330296127563,
			"team": "747b8e4a-7e50-4638-a973-ea7950a3e739",
			"teamName": "Hades Tigers",
			"walksAndHitsPerInningPitched": 1.1238938053097345,
			"walkRate": 0.02733485193621868,
			"winningPercentage": 0.6666666666666666,
			"wins": 8
		},
		"2": {
			"appearances": 19,
			"battersFaced": 636,
			"basesOnBalls": 19,
			"basesOnBallsPerNine": 0.9606741573033708,
			"earnedRuns": 66,
			"earnedRunAverage": 3.337078651685393,
			"flyouts": 92,
			"groundouts": 250,
			"hitsAllowed": 138,
			"hitsAllowedPerNine": 6.977528089887641,
			"homeRuns": 19,
			"homeRunsPerNine": 0.9606741573033708,
			"inningsPitched": 178,
			"losses": 6,
			"numberOfPitches": 0,
			"qualityStarts": 7,
			"shutouts": 3,
			"strikeouts": 107,
			"strikeoutToWalkRatio": 5.631578947368421,
			"strikeoutsPerNine": 5.410112359550562,
			"strikeoutRate": 0.16823899371069181,
			"team": "747b8e4a-7e50-4638-a973-ea7950a3e739",
			"teamName": "Hades Tigers",
			"walksAndHitsPerInningPitched": 0.8820224719101124,
			"walkRate": 0.029874213836477988,
			"winningPercentage": 0.6842105263157895,
			"wins": 13
		}
	},
	"postseasons": {
		"1": {
			"appearances": 1,
			"battersFaced": 38,
			"basesOnBalls": 1,
			"basesOnBallsPerNine": 1,
			"earnedRuns": 6,
			"earnedRunAverage": 6,
			"flyouts": 3,
			"groundouts": 16,
			"hitsAllowed": 11,
			"hitsAllowedPerNine": 11,
			"homeRuns": 3,
			"homeRunsPerNine": 3,
			"inningsPitched": 9,
			"losses": 1,
			"numberOfPitches": 0,
			"qualityStarts": 1,
			"shutouts": 0,
			"strikeouts": 5,
			"strikeoutToWalkRatio": 5,
			"strikeoutsPerNine": 5,
			"strikeoutRate": 0.13157894736842105,
			"team": "747b8e4a-7e50-4638-a973-ea7950a3e739",
			"teamName": "Hades Tigers",
			"walksAndHitsPerInningPitched": 1.3333333333333333,
			"walkRate": 0.02631578947368421,
			"winningPercentage": 0,
			"wins": 0
		},
		"2": {
			"appearances": 2,
			"battersFaced": 80,
			"basesOnBalls": 2,
			"basesOnBallsPerNine": 0.9,
			"earnedRuns": 7,
			"earnedRunAverage": 3.15,
			"flyouts": 10,
			"groundouts": 28,
			"hitsAllowed": 21,
			"hitsAllowedPerNine": 9.450000000000001,
			"homeRuns": 2,
			"homeRunsPerNine": 0.9,
			"inningsPitched": 20,
			"losses": 1,
			"numberOfPitches": 0,
			"qualityStarts": 0,
			"shutouts": 0,
			"strikeouts": 13,
			"strikeoutToWalkRatio": 6.5,
			"strikeoutsPerNine": 5.8500000000000005,
			"strikeoutRate": 0.1625,
			"team": "747b8e4a-7e50-4638-a973-ea7950a3e739",
			"teamName": "Hades Tigers",
			"walksAndHitsPerInningPitched": 1.15,
			"walkRate": 0.025,
			"winningPercentage": 0.5,
			"wins": 1
		}
	}
}
