{
	"careerPostseason": {
		"appearances": 1,
		"battersFaced": 34,
		"basesOnBalls": 1,
		"basesOnBallsPerNine": 0.9,
		"earnedRuns": 2,
		"earnedRunAverage": 1.8,
		"flyouts": 5,
		"groundouts": 9,
		"hitsAllowed": 7,
		"hitsAllowedPerNine": 6.3,
		"homeRuns": 2,
		"homeRunsPerNine": 1.8,
		"inningsPitched": 10,
		"losses": 0,
		"numberOfPitches": 0,
		"qualityStarts": 0,
		"shutouts": 0,
		"strikeouts": 11,
		"strikeoutToWalkRatio": 11,
		"strikeoutsPerNine": 9.9,
		"strikeoutRate": 0.3235294117647059,
		"team": null,
		"teamName": null,
		"walksAndHitsPerInningPitched": 0.8,
		"walkRate": 0.029411764705882353,
		"winningPercentage": 1,
		"wins": 1
	},
	"careerSeason": {
		"appearances": 33,
		"battersFaced": 1169,
		"basesOnBalls": 29,
		"basesOnBallsPerNine": 0.8446601941747572,
		"earnedRuns": 139,
		"earnedRunAverage": 4.048543689320389,
		"flyouts": 175,
		"groundouts": 370,
		"hitsAllowed": 344,
		"hitsAllowedPerNine": 10.019417475728156,
		"homeRuns": 26,
		"homeRunsPerNine": 0.7572815533980582,
		"inningsPitched": 309,
		"losses": 14,
		"numberOfPitches": 0,
		"qualityStarts": 16,
		"shutouts": 3,
		"strikeouts": 210,
		"strikeoutToWalkRatio": 7.241379310344827,
		"strikeoutsPerNine": 6.116504854368932,
		"strikeoutRate": 0.17964071856287425,
		"team": null,
		"teamName": null,
		"walksAndHitsPerInningPitched": 1.2071197411003236,
		"walkRate": 0.02480752780153978,
		"winningPercentage": 0.5757575757575758,
		"wins": 19
	},
	"id": "9965eed5-086c-4977-9470-fe410f92d353",
	"name": "Bates Bentley",
	"seasons": {
		"1": {
			"appearances": 13,
			"battersFaced": 472,
			"basesOnBalls": 13,
			"basesOnBallsPerNine": 0.9435483870967742,
			"earnedRuns": 43,
			"earnedRunAverage": 3.120967741935484,
			"flyouts": 52,
			"groundouts": 169,
			"hitsAllowed": 122,
			"hitsAllowedPerNine": 8.85483870967742,
			"homeRuns": 6,
			"homeRunsPerNine": 0.43548387096774194,
			"inningsPitched": 124,
			"losses": 4,
			"numberOfPitches": 0,
			"qualityStarts": 9,
			"shutouts": 2,
			"strikeouts": 95,
			"strikeoutToWalkRatio": 7.3076923076923075,
			"strikeoutsPerNine": 6.89516129032258,
			"strikeoutRate": 0.20127118644067796,
			"team": "36569151-a2fb-43c1-9df7-2df512424c82",
			"teamName": "New York Millennials",
			"walksAndHitsPerInningPitched": 1.0887096774193548,
			"walkRate": 0.02754237288135593,
			"winningPercentage": 0.6923076923076923,
			"wins": 9
		},
		"2": {
			"appearances": 20,
			"battersFaced": 697,
			"basesOnBalls": 16,
			"basesOnBallsPerNine": 0.7783783783783784,
			"earnedRuns": 96,
			"earnedRunAverage": 4.6702702702702705,
			"flyouts": 123,
			"groundouts": 201,
			"hitsAllowed": 222,
			"hitsAllowedPerNine": 10.799999999999999,
			"homeRuns": 20,
			"homeRunsPerNine": 0.972972972972973,
			"inningsPitched": 185,
			"losses": 10,
			"numberOfPitches": 0,
			"qualityStarts": 7,
			"shutouts": 1,
			"strikeouts": 115,
			"strikeoutToWalkRatio": 7.1875,
			"strikeoutsPerNine": 5.594594594594595,
			"strikeoutRate": 0.1649928263988522,
			"team": "36569151-a2fb-43c1-9df7-2df512424c82",
			"teamName": "New York Millennials",
			"walksAndHitsPerInningPitched": 1.2864864864864864,
			"walkRate": 0.02295552367288379,
			"winningPercentage": 0.5,
			"wins": 10
		}
	},
	"postseasons": {
		"2": {
			"appearances": 1,
			"battersFaced": 34,
			"basesOnBalls": 1,
			"basesOnBallsPerNine": 0.9,
			"earnedRuns": 2,
			"earnedRunAverage": 1.8,
			"flyouts": 5,
			"groundouts": 9,
			"hitsAllowed": 7,
			"hitsAllowedPerNine": 6.3,
			"homeRuns": 2,
			"homeRunsPerNine": 1.8,
			"inningsPitched": 10,
			"losses": 0,
			"numberOfPitches": 0,
			"qualityStarts": 0,
			"shutouts": 0,
			"strikeouts": 11,
			"strikeoutToWalkRatio": 11,
			"strikeoutsPerNine": 9.9,
			"strikeoutRate": 0.3235294117647059,
			"team": "36569151-a2fb-43c1-9df7-2df512424c82",
			"teamName": "New York Millennials",
			"walksAndHitsPerInningPitched": 0.8,
			"walkRate": 0.029411764705882353,
			"winningPercentage": 1,
			"wins": 1
		}
	},
	"slug": "bates-bentley"
}
