{
	"careerPostseason": {
		"appearances": 3,
		"battersFaced": 107,
		"basesOnBalls": 2,
		"basesOnBallsPerNine": 0.6206896551724138,
		"earnedRuns": 15,
		"earnedRunAverage": 4.655172413793103,
		"flyouts": 24,
		"groundouts": 34,
		"hitsAllowed": 29,
		"hitsAllowedPerNine": 9,
		"homeRuns": 5,
		"homeRunsPerNine": 1.5517241379310347,
		"inningsPitched": 29,
		"losses": 1,
		"numberOfPitches": 0,
		"qualityStarts": 1,
		"shutouts": 0,
		"strikeouts": 14,
		"strikeoutToWalkRatio": 7,
		"strikeoutsPerNine": 4.344827586206897,
		"strikeoutRate": 0.1308411214953271,
		"team": null,
		"teamName": null,
		"walksAndHitsPerInningPitched": 1.0689655172413792,
		"walkRate": 0.018691588785046728,
		"winningPercentage": 0.6666666666666666,
		"wins": 2
	},
	"careerSeason": {
		"appearances": 32,
		"battersFaced": 1149,
		"basesOnBalls": 85,
		"basesOnBallsPerNine": 2.6288659793814433,
		"earnedRuns": 157,
		"earnedRunAverage": 4.855670103092783,
		"flyouts": 152,
		"groundouts": 350,
		"hitsAllowed": 295,
		"hitsAllowedPerNine": 9.123711340206185,
		"homeRuns": 29,
		"homeRunsPerNine": 0.8969072164948454,
		"inningsPitched": 291,
		"losses": 16,
		"numberOfPitches": 0,
		"qualityStarts": 9,
		"shutouts": 3,
		"strikeouts": 171,
		"strikeoutToWalkRatio": 2.011764705882353,
		"strikeoutsPerNine": 5.288659793814433,
		"strikeoutRate": 0.14882506527415143,
		"team": null,
		"teamName": null,
		"walksAndHitsPerInningPitched": 1.3058419243986255,
		"walkRate": 0.07397737162750218,
		"winningPercentage": 0.5,
		"wins": 16
	},
	"id": "ae4acebd-edb5-4d20-bf69-f2d5151312ff",
	"name": "Theodore Cervantes",
	"seasons": {
		"1": {
			"appearances": 12,
			"battersFaced": 475,
			"basesOnBalls": 76,
			"basesOnBallsPerNine": 6.514285714285714,
			"earnedRuns": 77,
			"earnedRunAverage": 6.6,
			"flyouts": 59,
			"groundouts": 136,
			"hitsAllowed": 115,
			"hitsAllowedPerNine": 9.857142857142858,
			"homeRuns": 12,
			"homeRunsPerNine": 1.0285714285714285,
			"inningsPitched": 105,
			"losses": 9,
			"numberOfPitches": 0,
			"qualityStarts": 4,
			"shutouts": 0,
			"strikeouts": 44,
			"strikeoutToWalkRatio": 0.5789473684210527,
			"strikeoutsPerNine": 3.7714285714285714,
			"strikeoutRate": 0.09263157894736843,
			"team": "36569151-a2fb-43c1-9df7-2df512424c82",
			"teamName": "New York Millennials",
			"walksAndHitsPerInningPitched": 1.819047619047619,
			"walkRate": 0.16,
			"winningPercentage": 0.25,
			"wins": 3
		},
		"2": {
			"appearances": 20,
			"battersFaced": 674,
			"basesOnBalls": 9,
			"basesOnBallsPerNine": 0.43548387096774194,
			"earnedRuns": 80,
			"earnedRunAverage": 3.870967741935484,
			"flyouts": 93,
			"groundouts": 214,
			"hitsAllowed": 180,
			"hitsAllowedPerNine": 8.70967741935484,
			"homeRuns": 17,
			"homeRunsPerNine": 0.8225806451612904,
			"inningsPitched": 186,
			"losses": 7,
			"numberOfPitches": 0,
			"qualityStarts": 5,
			"shutouts": 3,
			"strikeouts": 127,
			"strikeoutToWalkRatio": 14.11111111111111,
			"strikeoutsPerNine": 6.14516129032258,
			"strikeoutRate": 0.1884272997032641,
			"team": "36569151-a2fb-43c1-9df7-2df512424c82",
			"teamName": "New York Millennials",
			"walksAndHitsPerInningPitched": 1.0161290322580645,
			"walkRate": 0.013353115727002967,
			"winningPercentage": 0.65,
			"wins": 13
		}
	},
	"postseasons": {
		"2": {
			"appearances": 3,
			"battersFaced": 107,
			"basesOnBalls": 2,
			"basesOnBallsPerNine": 0.6206896551724138,
			"earnedRuns": 15,
			"earnedRunAverage": 4.655172413793103,
			"flyouts": 24,
			"groundouts": 34,
			"hitsAllowed": 29,
			"hitsAllowedPerNine": 9,
			"homeRuns": 5,
			"homeRunsPerNine": 1.5517241379310347,
			"inningsPitched": 29,
			"losses": 1,
			"numberOfPitches": 0,
			"qualityStarts": 1,
			"shutouts": 0,
			"strikeouts": 14,
			"strikeoutToWalkRatio": 7,
			"strikeoutsPerNine": 4.344827586206897,
			"strikeoutRate": 0.1308411214953271,
			"team": "36569151-a2fb-43c1-9df7-2df512424c82",
			"teamName": "New York Millennials",
			"walksAndHitsPerInningPitched": 1.0689655172413792,
			"walkRate": 0.018691588785046728,
			"winningPercentage": 0.6666666666666666,
			"wins": 2
		}
	},
	"slug": "theodore-cervantes"
}
