{
	"careerPostseason": {
		"appearances": 3,
		"battersFaced": 115,
		"basesOnBalls": 14,
		"basesOnBallsPerNine": 4.5,
		"earnedRuns": 13,
		"earnedRunAverage": 4.178571428571429,
		"flyouts": 12,
		"groundouts": 42,
		"hitsAllowed": 30,
		"hitsAllowedPerNine": 9.642857142857142,
		"homeRuns": 2,
		"homeRunsPerNine": 0.6428571428571428,
		"inningsPitched": 28,
		"losses": 1,
		"numberOfPitches": 0,
		"qualityStarts": 3,
		"shutouts": 0,
		"strikeouts": 9,
		"strikeoutToWalkRatio": 0.6428571428571429,
		"strikeoutsPerNine": 2.8928571428571432,
		"strikeoutRate": 0.0782608695652174,
		"team": null,
		"teamName": null,
		"walksAndHitsPerInningPitched": 1.5714285714285714,
		"walkRate": 0.12173913043478261,
		"winningPercentage": 0.6666666666666666,
		"wins": 2
	},
	"careerSeason": {
		"appearances": 32,
		"battersFaced": 1194,
		"basesOnBalls": 148,
		"basesOnBallsPerNine": 4.951672862453531,
		"earnedRuns": 175,
		"earnedRunAverage": 5.855018587360595,
		"flyouts": 155,
		"groundouts": 397,
		"hitsAllowed": 309,
		"hitsAllowedPerNine": 10.338289962825279,
		"homeRuns": 42,
		"homeRunsPerNine": 1.4052044609665428,
		"inningsPitched": 269,
		"losses": 23,
		"numberOfPitches": 0,
		"qualityStarts": 12,
		"shutouts": 1,
		"strikeouts": 110,
		"strikeoutToWalkRatio": 0.7432432432432432,
		"strikeoutsPerNine": 3.6802973977695164,
		"strikeoutRate": 0.09212730318257957,
		"team": null,
		"teamName": null,
		"walksAndHitsPerInningPitched": 1.6988847583643123,
		"walkRate": 0.12395309882747069,
		"winningPercentage": 0.28125,
		"wins": 9
	},
	"id": "b348c037-eefc-4b81-8edd-dfa96188a97e",
	"name": "Lowe Forbes",
	"seasons": {
		"1": {
			"appearances": 12,
			"battersFaced": 466,
			"basesOnBalls": 59,
			"basesOnBallsPerNine": 5.009433962264151,
			"earnedRuns": 64,
			"earnedRunAverage": 5.433962264150943,
			"flyouts": 58,
			"groundouts": 164,
			"hitsAllowed": 112,
			"hitsAllowedPerNine": 9.50943396226415,
			"homeRuns": 16,
			"homeRunsPerNine": 1.3584905660377358,
			"inningsPitched": 106,
			"losses": 9,
			"numberOfPitches": 0,
			"qualityStarts": 6,
			"shutouts": 1,
			"strikeouts": 49,
			"strikeoutToWalkRatio": 0.8305084745762712,
			"strikeoutsPerNine": 4.160377358490566,
			"strikeoutRate": 0.10515021459227468,
			"team": "a37f9158-7f82-46bc-908c-c9e2dda7c33b",
			"teamName": "Breckenridge Jazz Hands",
			"walksAndHitsPerInningPitched": 1.6132075471698113,
			"walkRate": 0.12660944206008584,
			"winningPercentage": 0.25,
			"wins": 3
		},
		"2": {
			"appearances": 20,
			"battersFaced": 728,
			"basesOnBalls": 89,
			"basesOnBallsPerNine": 4.914110429447852,
			"earnedRuns": 111,
			"earnedRunAverage": 6.128834355828221,
			"flyouts": 97,
			"groundouts": 233,
			"hitsAllowed": 197,
			"hitsAllowedPerNine": 10.877300613496931,
			"homeRuns": 26,
			"homeRunsPerNine": 1.4355828220858895,
			"inningsPitched": 163,
			"losses": 14,
			"numberOfPitches": 0,
			"qualityStarts": 6,
			"shutouts": 0,
			"strikeouts": 61,
			"strikeoutToWalkRatio": 0.6853932584269663,
			"strikeoutsPerNine": 3.3680981595092025,
			"strikeoutRate": 0.08379120879120878,
			"team": "a37f9158-7f82-46bc-908c-c9e2dda7c33b",
			"teamName": "Breckenridge Jazz Hands",
			"walksAndHitsPerInningPitched": 1.7546012269938651,
			"walkRate": 0.12225274725274725,
			"winningPercentage": 0.3,
			"wins": 6
		}
	},
	"postseasons": {
		"1": {
			"appearances": 2,
			"battersFaced": 81,
			"basesOnBalls": 10,
			"basesOnBallsPerNine": 5,
			"earnedRuns": 11,
			"earnedRunAverage": 5.5,
			"flyouts": 9,
			"groundouts": 29,
			"hitsAllowed": 23,
			"hitsAllowedPerNine": 11.5,
			"homeRuns": 1,
			"homeRunsPerNine": 0.5,
			"inningsPitched": 18,
			"losses": 1,
			"numberOfPitches": 0,
			"qualityStarts": 2,
			"shutouts": 0,
			"strikeouts": 6,
			"strikeoutToWalkRatio": 0.6,
			"strikeoutsPerNine": 3,
			"strikeoutRate": 0.07407407407407407,
			"team": "a37f9158-7f82-46bc-908c-c9e2dda7c33b",
			"teamName": "Breckenridge Jazz Hands",
			"walksAndHitsPerInningPitched": 1.8333333333333333,
			"walkRate": 0.12345679012345678,
			"winningPercentage": 0.5,
			"wins": 1
		},
		"2": {
			"appearances": 1,
			"battersFaced": 34,
			"basesOnBalls": 4,
			"basesOnBallsPerNine": 3.6,
			"earnedRuns": 2,
			"earnedRunAverage": 1.8,
			"flyouts": 3,
			"groundouts": 13,
			"hitsAllowed": 7,
			"hitsAllowedPerNine": 6.3,
			"homeRuns": 1,
			"homeRunsPerNine": 0.9,
			"inningsPitched": 10,
			"losses": 0,
			"numberOfPitches": 0,
			"qualityStarts": 1,
			"shutouts": 0,
			"strikeouts": 3,
			"strikeoutToWalkRatio": 0.75,
			"strikeoutsPerNine": 2.6999999999999997,
			"strikeoutRate": 0.08823529411764706,
			"team": "a37f9158-7f82-46bc-908c-c9e2dda7c33b",
			"teamName": "Breckenridge Jazz Hands",
			"walksAndHitsPerInningPitched": 1.1,
			"walkRate": 0.11764705882352941,
			"winningPercentage": 1,
			"wins": 1
		}
	}
}
