{
	"careerPostseason": {
		"appearances": 2,
		"battersFaced": 79,
		"basesOnBalls": 11,
		"basesOnBallsPerNine": 6.1875,
		"earnedRuns": 16,
		"earnedRunAverage": 9,
		"flyouts": 5,
		"groundouts": 27,
		"hitsAllowed": 24,
		"hitsAllowedPerNine": 13.5,
		"homeRuns": 0,
		"homeRunsPerNine": 0,
		"inningsPitched": 16,
		"losses": 2,
		"numberOfPitches": 0,
		"qualityStarts": 0,
		"shutouts": 0,
		"strikeouts": 6,
		"strikeoutToWalkRatio": 0.5454545454545454,
		"strikeoutsPerNine": 3.375,
		"strikeoutRate": 0.0759493670886076,
		"team": null,
		"teamName": null,
		"walksAndHitsPerInningPitched": 2.1875,
		"walkRate": 0.13924050632911392,
		"winningPercentage": 0,
		"wins": 0
	},
	"careerSeason": {
		"appearances": 31,
		"battersFaced": 1210,
		"basesOnBalls": 195,
		"basesOnBallsPerNine": 6.548507462686567,
		"earnedRuns": 206,
		"earnedRunAverage": 6.917910447761194,
		"flyouts": 188,
		"groundouts": 338,
		"hitsAllowed": 298,
		"hitsAllowedPerNine": 10.007462686567164,
		"homeRuns": 22,
		"homeRunsPerNine": 0.7388059701492538,
		"inningsPitched": 268,
		"losses": 19,
		"numberOfPitches": 0,
		"qualityStarts": 5,
		"shutouts": 2,
		"strikeouts": 88,
		"strikeoutToWalkRatio": 0.4512820512820513,
		"strikeoutsPerNine": 2.955223880597015,
		"strikeoutRate": 0.07272727272727272,
		"team": null,
		"teamName": null,
		"walksAndHitsPerInningPitched": 1.8395522388059702,
		"walkRate": 0.16115702479338842,
		"winningPercentage": 0.3870967741935484,
		"wins": 12
	},
	"id": "a647388d-fc59-4c1b-90d3-8c1826e07775",
	"name": "Chambers Simmons",
	"seasons": {
		"1": {
			"appearances": 12,
			"battersFaced": 485,
			"basesOnBalls": 73,
			"basesOnBallsPerNine": 6.19811320754717,
			"earnedRuns": 81,
			"earnedRunAverage": 6.877358490566038,
			"flyouts": 67,
			"groundouts": 127,
			"hitsAllowed": 124,
			"hitsAllowedPerNine": 10.528301886792452,
			"homeRuns": 7,
			"homeRunsPerNine": 0.5943396226415094,
			"inningsPitched": 106,
			"losses": 6,
			"numberOfPitches": 0,
			"qualityStarts": 1,
			"shutouts": 0,
			"strikeouts": 43,
			"strikeoutToWalkRatio": 0.589041095890411,
			"strikeoutsPerNine": 3.650943396226415,
			"strikeoutRate": 0.088659793814433,
			"team": "3f8bbb15-61c0-4e3f-8e4a-907a5fb1565e",
			"teamName": "Boston Flowers",
			"walksAndHitsPerInningPitched": 1.8584905660377358,
			"walkRate": 0.15051546391752577,
			"winningPercentage": 0.5,
			"wins": 6
		},
		"2": {
			"appearances": 19,
			"battersFaced": 725,
			"basesOnBalls": 122,
			"basesOnBallsPerNine": 6.777777777777778,
			"earnedRuns": 125,
			"earnedRunAverage": 6.944444444444445,
			"flyouts": 121,
			"groundouts": 211,
			"hitsAllowed": 174,
			"hitsAllowedPerNine": 9.666666666666668,
			"homeRuns": 15,
			"homeRunsPerNine": 0.8333333333333333,
			"inningsPitched": 162,
			"losses": 13,
			"numberOfPitches": 0,
			"qualityStarts": 4,
			"shutouts": 2,
			"strikeouts": 45,
			"strikeoutToWalkRatio": 0.36885245901639346,
			"strikeoutsPerNine": 2.5,
			"strikeoutRate": 0.06206896551724138,
			"team": "3f8bbb15-61c0-4e3f-8e4a-907a5fb1565e",
			"teamName": "Boston Flowers",
			"walksAndHitsPerInningPitched": 1.8271604938271604,
			"walkRate": 0.16827586206896553,
			"winningPercentage": 0.3157894736842105,
			"wins": 6
		}
	},
	"postseasons": {
		"1": {
			"appearances": 2,
			"battersFaced": 79,
			"basesOnBalls": 11,
			"basesOnBallsPerNine": 6.1875,
			"earnedRuns": 16,
			"earnedRunAverage": 9,
			"flyouts": 5,
			"groundouts": 27,
			"hitsAllowed": 24,
			"hitsAllowedPerNine": 13.5,
			"homeRuns": 0,
			"homeRunsPerNine": 0,
			"inningsPitched": 16,
			"losses": 2,
			"numberOfPitches": 0,
			"qualityStarts": 0,
			"shutouts": 0,
			"strikeouts": 6,
			"strikeoutToWalkRatio": 0.5454545454545454,
			"strikeoutsPerNine": 3.375,
			"strikeoutRate": 0.0759493670886076,
			"team": "3f8bbb15-61c0-4e3f-8e4a-907a5fb1565e",
			"teamName": "Boston Flowers",
			"walksAndHitsPerInningPitched": 2.1875,
			"walkRate": 0.13924050632911392,
			"winningPercentage": 0,
			"wins": 0
		}
	}
}
